--
-- PostgreSQL database dump
--

\restrict F8RlI0Cs6gE7EWgVzUmNNJfhpusgzxMU2COGh2d9Fyce2vAnnmgBvvlLQHEbBtu

-- Dumped from database version 16.13 (Ubuntu 16.13-0ubuntu0.24.04.1)
-- Dumped by pg_dump version 16.13 (Ubuntu 16.13-0ubuntu0.24.04.1)

SET statement_timeout = 0;
SET lock_timeout = 0;
SET idle_in_transaction_session_timeout = 0;
SET client_encoding = 'UTF8';
SET standard_conforming_strings = on;
SELECT pg_catalog.set_config('search_path', '', false);
SET check_function_bodies = false;
SET xmloption = content;
SET client_min_messages = warning;
SET row_security = off;

--
-- Name: uuid-ossp; Type: EXTENSION; Schema: -; Owner: -
--

CREATE EXTENSION IF NOT EXISTS "uuid-ossp" WITH SCHEMA public;


--
-- Name: EXTENSION "uuid-ossp"; Type: COMMENT; Schema: -; Owner: 
--

COMMENT ON EXTENSION "uuid-ossp" IS 'generate universally unique identifiers (UUIDs)';


SET default_tablespace = '';

SET default_table_access_method = heap;

--
-- Name: affectations; Type: TABLE; Schema: public; Owner: dispatch_user
--

CREATE TABLE public.affectations (
    id uuid DEFAULT public.uuid_generate_v4() NOT NULL,
    trajet_id uuid NOT NULL,
    chauffeur_id uuid NOT NULL,
    date_programme date NOT NULL,
    proposee_par character varying(20) DEFAULT 'systeme'::character varying,
    modifiee_par uuid,
    statut character varying(20) DEFAULT 'proposee'::character varying,
    email_envoye_le timestamp without time zone,
    notes_dispatch text,
    cree_le timestamp without time zone DEFAULT now(),
    modifie_le timestamp without time zone DEFAULT now()
);


ALTER TABLE public.affectations OWNER TO dispatch_user;

--
-- Name: chauffeurs; Type: TABLE; Schema: public; Owner: dispatch_user
--

CREATE TABLE public.chauffeurs (
    id uuid DEFAULT public.uuid_generate_v4() NOT NULL,
    numero_chauffeur character varying(10) NOT NULL,
    nom character varying(100) NOT NULL,
    prenom character varying(100) NOT NULL,
    email character varying(255) NOT NULL,
    telephone character varying(20),
    adresse_domicile text NOT NULL,
    lat_domicile numeric(10,7),
    lng_domicile numeric(10,7),
    type_vehicule character varying(50) DEFAULT 'TAXI'::character varying,
    actif boolean DEFAULT true,
    mot_de_passe_hash text NOT NULL,
    role character varying(20) DEFAULT 'chauffeur'::character varying,
    cree_le timestamp without time zone DEFAULT now(),
    modifie_le timestamp without time zone DEFAULT now()
);


ALTER TABLE public.chauffeurs OWNER TO dispatch_user;

--
-- Name: disponibilites; Type: TABLE; Schema: public; Owner: dispatch_user
--

CREATE TABLE public.disponibilites (
    id uuid DEFAULT public.uuid_generate_v4() NOT NULL,
    chauffeur_id uuid NOT NULL,
    date_dispo date NOT NULL,
    heure_debut time without time zone NOT NULL,
    heure_fin time without time zone NOT NULL,
    soumis_le timestamp without time zone DEFAULT now(),
    modifie_le timestamp without time zone DEFAULT now()
);


ALTER TABLE public.disponibilites OWNER TO dispatch_user;

--
-- Name: envois_email; Type: TABLE; Schema: public; Owner: dispatch_user
--

CREATE TABLE public.envois_email (
    id uuid DEFAULT public.uuid_generate_v4() NOT NULL,
    chauffeur_id uuid NOT NULL,
    date_programme date NOT NULL,
    envoye_par uuid,
    envoye_le timestamp without time zone DEFAULT now(),
    nb_trajets integer,
    statut_envoi character varying(20) DEFAULT 'envoye'::character varying,
    erreur text
);


ALTER TABLE public.envois_email OWNER TO dispatch_user;

--
-- Name: trajets; Type: TABLE; Schema: public; Owner: dispatch_user
--

CREATE TABLE public.trajets (
    id uuid DEFAULT public.uuid_generate_v4() NOT NULL,
    code_trajet character varying(20) NOT NULL,
    date_trajet date NOT NULL,
    heure_prise time without time zone NOT NULL,
    heure_arrivee time without time zone NOT NULL,
    type_vehicule character varying(50) DEFAULT 'TAXI'::character varying,
    adresse_prise text NOT NULL,
    lat_prise numeric(10,7),
    lng_prise numeric(10,7),
    adresse_arrivee text,
    lat_arrivee numeric(10,7),
    lng_arrivee numeric(10,7),
    code_fixe character varying(20),
    statut character varying(20) DEFAULT 'en_attente'::character varying,
    notes text,
    cree_le timestamp without time zone DEFAULT now(),
    modifie_le timestamp without time zone DEFAULT now()
);


ALTER TABLE public.trajets OWNER TO dispatch_user;

--
-- Data for Name: affectations; Type: TABLE DATA; Schema: public; Owner: dispatch_user
--

COPY public.affectations (id, trajet_id, chauffeur_id, date_programme, proposee_par, modifiee_par, statut, email_envoye_le, notes_dispatch, cree_le, modifie_le) FROM stdin;
ac8bb064-b0c3-4811-9f10-03210233b173	aec35e52-30ce-4096-99a9-aebdde8bcc20	2fb8af64-bf43-46d3-9053-5fd673a68c2a	2026-04-07	systeme	\N	proposee	\N	\N	2026-03-28 14:30:38.378588	2026-03-28 14:30:38.378588
c42909d3-ed2f-466b-a2ff-aced554c366d	62ea64fc-4cf6-498d-8335-7c408d00f63e	2fb8af64-bf43-46d3-9053-5fd673a68c2a	2026-04-07	systeme	\N	proposee	\N	\N	2026-03-28 14:30:38.668475	2026-03-28 14:30:38.668475
6bf759f5-b833-4d82-89ca-c83fff79df36	5947135f-7838-4406-862c-f0fd958a8e01	e2f8c134-2778-45ed-803d-ab40d7db761b	2026-04-07	systeme	\N	proposee	\N	\N	2026-03-28 14:30:38.67378	2026-03-28 14:30:38.67378
c380a25f-06b3-401e-9159-9ba5121fa43c	bac8a5c8-1751-4297-9b6e-4dfda8e8d3a3	2fb8af64-bf43-46d3-9053-5fd673a68c2a	2026-04-07	systeme	\N	proposee	\N	\N	2026-03-28 14:30:38.67949	2026-03-28 14:30:38.67949
cd830ebe-762c-4a60-b5db-851ec07505d4	3aeff0a5-5387-4502-9c10-d57214e54552	5df0dd59-c2f6-4075-8d43-c82892209c90	2026-04-07	systeme	\N	proposee	\N	\N	2026-03-28 14:30:38.684617	2026-03-28 14:30:38.684617
e6374e5f-89c4-4e67-b700-1231fd7fb827	66120496-68be-476f-9c1a-ba8400e27270	2fb8af64-bf43-46d3-9053-5fd673a68c2a	2026-04-07	systeme	\N	proposee	\N	\N	2026-03-28 14:30:38.689777	2026-03-28 14:30:38.689777
06942574-3dfe-41fa-9d5f-d693115d4971	98f8c2f5-ff0b-445a-980a-80f598471fc1	2fb8af64-bf43-46d3-9053-5fd673a68c2a	2026-04-07	systeme	\N	proposee	\N	\N	2026-03-28 14:30:38.694696	2026-03-28 14:30:38.694696
4196f8e2-db9f-4f51-a3b6-6a437bd1ad62	b8a8cbbc-0893-4342-92c1-a5d5e4dc19f4	2fb8af64-bf43-46d3-9053-5fd673a68c2a	2026-04-07	systeme	\N	proposee	\N	\N	2026-03-28 14:30:38.699754	2026-03-28 14:30:38.699754
2c9bb512-31a5-475f-9f69-ed076b491e9e	44e6beaf-131c-4d9e-bf92-959b2e13af5f	2fb8af64-bf43-46d3-9053-5fd673a68c2a	2026-04-07	systeme	\N	proposee	\N	\N	2026-03-28 14:30:38.704572	2026-03-28 14:30:38.704572
0628b6fb-47e4-4748-8355-13d1f911a045	29f5122a-5f44-4073-ac73-27634b16458f	e2f8c134-2778-45ed-803d-ab40d7db761b	2026-04-07	systeme	\N	proposee	\N	\N	2026-03-28 14:30:38.709041	2026-03-28 14:30:38.709041
af96afe1-5ded-4436-9404-67a2750f45bd	c6ec89a0-a7ba-491a-96d5-c1b99646ec1a	2fb8af64-bf43-46d3-9053-5fd673a68c2a	2026-04-07	systeme	\N	proposee	\N	\N	2026-03-28 14:30:38.713841	2026-03-28 14:30:38.713841
c1f549b6-c4de-4793-8393-86aa1ad94b04	93f41b74-1353-4ef2-82ca-7446f7f0c1db	2fb8af64-bf43-46d3-9053-5fd673a68c2a	2026-04-07	systeme	\N	proposee	\N	\N	2026-03-28 14:30:38.720026	2026-03-28 14:30:38.720026
8c6f405d-9bb9-4525-a6a5-42c042aa380f	fd9db4d8-123a-4598-9bc6-344546676ad7	2fb8af64-bf43-46d3-9053-5fd673a68c2a	2026-04-07	systeme	\N	proposee	\N	\N	2026-03-28 14:30:38.726204	2026-03-28 14:30:38.726204
a13b4890-ce6e-44f8-8fa1-d7390876c51f	3aeff0a5-5387-4502-9c10-d57214e54552	5df0dd59-c2f6-4075-8d43-c82892209c90	2026-04-06	systeme	\N	envoyee	2026-04-05 08:06:59.859143	\N	2026-04-05 08:05:55.79934	2026-04-05 08:05:55.79934
4506e715-fa9d-47d0-8e88-3f15e74afd7f	e678fbb9-8e0f-4577-8d1d-2f46a76766c7	5df0dd59-c2f6-4075-8d43-c82892209c90	2026-04-06	systeme	\N	envoyee	2026-04-05 08:06:59.859143	\N	2026-04-05 08:05:55.803175	2026-04-05 08:05:55.803175
8ae0e832-b12e-4be1-b343-f78e4d2449bf	14777f0c-d9fc-43ab-81f6-f8c3e39d1148	5df0dd59-c2f6-4075-8d43-c82892209c90	2026-04-06	systeme	\N	envoyee	2026-04-05 08:06:59.859143	\N	2026-04-05 08:05:55.808181	2026-04-05 08:05:55.808181
e41ba19b-d96f-432e-a591-b80bbf07880f	8b210efc-19d4-45ce-bf4a-3c112469b1df	5df0dd59-c2f6-4075-8d43-c82892209c90	2026-04-06	systeme	\N	envoyee	2026-04-05 08:06:59.859143	\N	2026-04-05 08:05:55.812902	2026-04-05 08:05:55.812902
cf5d3dd6-21dc-438d-a84c-def9adfe0093	c6ec89a0-a7ba-491a-96d5-c1b99646ec1a	5df0dd59-c2f6-4075-8d43-c82892209c90	2026-04-06	systeme	\N	envoyee	2026-04-05 08:06:59.859143	\N	2026-04-05 08:05:55.817654	2026-04-05 08:05:55.817654
e37eecb1-0b74-4c4f-8ebc-893cd4eebbb3	00e9c789-34c9-458e-80ef-763a26b85ce6	e2f8c134-2778-45ed-803d-ab40d7db761b	2026-04-06	systeme	\N	envoyee	2026-04-05 08:07:01.497958	\N	2026-04-05 08:05:55.780567	2026-04-05 08:05:55.780567
decf37c1-8f6c-455a-834f-5265d1ba3e05	35612668-179a-49a5-9dba-abefc3686c83	2fb8af64-bf43-46d3-9053-5fd673a68c2a	2026-04-08	systeme	\N	envoyee	2026-03-30 07:48:07.534121	\N	2026-03-30 07:09:09.56709	2026-03-30 07:09:09.56709
ee7be0d9-0b8c-487a-ae90-25b5284c23d0	14777f0c-d9fc-43ab-81f6-f8c3e39d1148	2fb8af64-bf43-46d3-9053-5fd673a68c2a	2026-04-08	systeme	\N	envoyee	2026-03-30 07:48:07.534121	\N	2026-03-30 07:09:09.61096	2026-03-30 07:09:09.61096
8303861a-48fc-4672-91bf-bb841406649a	8b210efc-19d4-45ce-bf4a-3c112469b1df	2fb8af64-bf43-46d3-9053-5fd673a68c2a	2026-04-08	systeme	\N	envoyee	2026-03-30 07:48:07.534121	\N	2026-03-30 07:09:09.614954	2026-03-30 07:09:09.614954
1f97103f-a44b-4462-a93b-6b358bc59e43	50b4afce-e00e-4e1c-9a9a-965ec241fb88	5df0dd59-c2f6-4075-8d43-c82892209c90	2026-04-08	dispatch	\N	envoyee	2026-03-30 07:48:09.487421	\N	2026-03-30 07:09:18.86888	2026-03-30 07:09:18.86888
6b0b323d-d2f9-46d8-a79a-336ecd924a14	525d46ac-a9f1-45ba-9ad1-ccbc67cd8670	88e6f06f-a598-4a10-aa21-b4d0f4e2aa9d	2026-04-08	systeme	\N	envoyee	2026-03-30 07:48:11.444486	\N	2026-03-30 07:09:09.594914	2026-03-30 07:09:09.594914
7d744f04-e8e9-4918-96e2-2e93dd692b1f	b0b8cfcf-0481-4d19-8396-683a8b6feeb9	88e6f06f-a598-4a10-aa21-b4d0f4e2aa9d	2026-04-08	systeme	\N	envoyee	2026-03-30 07:48:11.444486	\N	2026-03-30 07:09:09.600272	2026-03-30 07:09:09.600272
85119d38-17c6-41f9-901a-2fcdf825763d	e678fbb9-8e0f-4577-8d1d-2f46a76766c7	88e6f06f-a598-4a10-aa21-b4d0f4e2aa9d	2026-04-08	systeme	\N	envoyee	2026-03-30 07:48:11.444486	\N	2026-03-30 07:09:09.606736	2026-03-30 07:09:09.606736
fdef0cf1-b8b7-48a6-a96a-7971838eeaf2	aa562392-ba43-4a8e-aa6e-a3cde2e862e4	e2f8c134-2778-45ed-803d-ab40d7db761b	2026-04-08	dispatch	\N	envoyee	2026-03-30 07:48:13.981228	\N	2026-03-30 07:09:26.882712	2026-03-30 07:09:26.882712
b1f50a1e-cc94-4a96-83e1-46ba042c39be	9fe07167-b1a4-41f9-90cc-53dff4ead4c5	f8aa0514-4755-40d8-95b7-41eb5df66a2d	2026-04-08	systeme	\N	envoyee	2026-03-30 07:48:16.96183	\N	2026-03-30 07:09:09.621363	2026-03-30 07:09:09.621363
61966b21-0244-4474-af67-b86bd6098b47	5947135f-7838-4406-862c-f0fd958a8e01	f8aa0514-4755-40d8-95b7-41eb5df66a2d	2026-04-06	dispatch	\N	envoyee	2026-04-05 08:07:04.03988	\N	2026-04-05 08:06:29.376494	2026-04-05 08:06:29.376494
376844af-9620-4565-8be9-1db6fc6d0909	00e9c789-34c9-458e-80ef-763a26b85ce6	fd4bc826-7b37-476f-be0f-a00dc64fc4ae	2026-04-08	systeme	\N	envoyee	2026-03-30 07:48:19.508059	\N	2026-03-30 07:09:09.578491	2026-03-30 07:09:09.578491
935e3e1b-207d-4dc4-b875-1bdea6311821	421dc1d0-a9f6-4468-b22e-c48e422ddd0e	fd4bc826-7b37-476f-be0f-a00dc64fc4ae	2026-04-08	systeme	\N	envoyee	2026-03-30 07:48:19.508059	\N	2026-03-30 07:09:09.58908	2026-03-30 07:09:09.58908
05900ba0-36c7-4cd8-96d1-6df5e3a84575	62df5aa9-32bf-4204-85d6-e99c5b61e406	fd4bc826-7b37-476f-be0f-a00dc64fc4ae	2026-04-08	systeme	\N	envoyee	2026-03-30 07:48:19.508059	\N	2026-03-30 07:09:09.625745	2026-03-30 07:09:09.625745
4f6ed8d2-26bd-481e-9618-2f901258da4d	aec35e52-30ce-4096-99a9-aebdde8bcc20	2fb8af64-bf43-46d3-9053-5fd673a68c2a	2026-04-06	systeme	\N	envoyee	2026-04-05 08:06:57.30003	\N	2026-04-05 08:05:55.749463	2026-04-05 08:05:55.749463
973cdbe2-45f4-4474-b46e-201d3e07d400	62ea64fc-4cf6-498d-8335-7c408d00f63e	2fb8af64-bf43-46d3-9053-5fd673a68c2a	2026-04-06	systeme	\N	envoyee	2026-04-05 08:06:57.30003	\N	2026-04-05 08:05:55.78519	2026-04-05 08:05:55.78519
16709335-e29c-4ae2-894f-1d7643f56a77	421dc1d0-a9f6-4468-b22e-c48e422ddd0e	2fb8af64-bf43-46d3-9053-5fd673a68c2a	2026-04-06	systeme	\N	envoyee	2026-04-05 08:06:57.30003	\N	2026-04-05 08:05:55.789911	2026-04-05 08:05:55.789911
f8c6ad22-1046-461d-8e6a-5267efdac9f2	bac8a5c8-1751-4297-9b6e-4dfda8e8d3a3	2fb8af64-bf43-46d3-9053-5fd673a68c2a	2026-04-06	systeme	\N	envoyee	2026-04-05 08:06:57.30003	\N	2026-04-05 08:05:55.794771	2026-04-05 08:05:55.794771
\.


--
-- Data for Name: chauffeurs; Type: TABLE DATA; Schema: public; Owner: dispatch_user
--

COPY public.chauffeurs (id, numero_chauffeur, nom, prenom, email, telephone, adresse_domicile, lat_domicile, lng_domicile, type_vehicule, actif, mot_de_passe_hash, role, cree_le, modifie_le) FROM stdin;
6c4efa13-53d2-47fb-a8b2-f1c504c31156	000	Admin	Dispatch	tadilihatim+000@gmail.com	\N	500 Boul. Cremazie Est, Montreal	\N	\N	TAXI	t	$2a$10$mgj6s1nF7dUOUYCzqZePBunudLccor0x8N4U4vrKbUl64xspfkCKO	dispatch	2026-03-28 14:25:13.059415	2026-03-28 14:25:13.059415
f8aa0514-4755-40d8-95b7-41eb5df66a2d	009	Tadili	Hatim	tadilihatim+009@gmail.com	514-384-1830	500 Boul. Cremazie Est, Montreal H2P 1E7	\N	\N	TAXI	t	$2a$10$xKv8JrmZGr98n49Uz4Bq7eMxHLhXsxTblrXCZKisj7oMMMOow8eg2	chauffeur	2026-03-28 14:27:28.025683	2026-03-28 14:27:28.025683
2fb8af64-bf43-46d3-9053-5fd673a68c2a	012	Dubois	Marc	tadilihatim+012@gmail.com	514-555-0012	227 Rue Principale, Longueuil J4H 1A1	\N	\N	TAXI	t	$2a$10$i6xcNDj0BpZ/6jEODP.czeNZsrcPYCK0Tf04my3s80CTicuYqZYPi	chauffeur	2026-03-28 14:27:28.471365	2026-03-28 14:27:28.471365
fd4bc826-7b37-476f-be0f-a00dc64fc4ae	015	Tremblay	Sophie	tadilihatim+015@gmail.com	514-555-0015	1800 Henri-Blaquiere, Chambly J3L 3E9	\N	\N	BERLINE	t	$2a$10$zPehZEUcG4DeKMLPh5Rvy.sl7aDqXXvk7i8bX.xA7yK/y8GAtw5Qm	chauffeur	2026-03-28 14:27:28.588547	2026-03-28 14:27:28.588547
88e6f06f-a598-4a10-aa21-b4d0f4e2aa9d	021	Gagnon	Pierre	tadilihatim+021@gmail.com	514-555-0021	730 Abbe-Theoret, Sainte-Julie J3E 0E1	\N	\N	TAXI	t	$2a$10$HGZDnLypnYAlxjThrZj6e.jFjQWXVEf8lDUmSlnxX7M/qINqD.zfW	chauffeur	2026-03-28 14:27:28.708134	2026-03-28 14:27:28.708134
ac57e90e-f690-4506-9246-12b2896daf12	034	Roy	Marie	tadilihatim+034@gmail.com	514-555-0034	61 De Montbrun, Boucherville J4B 5T3	\N	\N	TAXI	t	$2a$10$YMmId23ojBj9DX0HdHt37uf94OGa.OCkN4Lx72Shvh91IVNe6HT9m	chauffeur	2026-03-28 14:27:28.847849	2026-03-28 14:27:28.847849
5df0dd59-c2f6-4075-8d43-c82892209c90	041	Belanger	Luc	tadilihatim+041@gmail.com	514-555-0041	3355 Autoroute, Laval H7T 0H4	\N	\N	TAXI	t	$2a$10$A062LRGXNQmXZ5IFdcH/e.i7k5gPybt9jkljU9JlbD8XVGlRgtAgC	chauffeur	2026-03-28 14:27:28.98232	2026-03-28 14:27:28.98232
e2f8c134-2778-45ed-803d-ab40d7db761b	055	Cote	Julie	tadilihatim+055@gmail.com	514-555-0055	2100 Boul. Lapiniere, Brossard J4W 2T5	\N	\N	BERLINE	t	$2a$10$S/yLgInf/MNQc9j3bS.5VedAK0DSKvRiG4zCr.knkC2.z.Kesytxu	chauffeur	2026-03-28 14:27:29.115067	2026-03-28 14:27:29.115067
\.


--
-- Data for Name: disponibilites; Type: TABLE DATA; Schema: public; Owner: dispatch_user
--

COPY public.disponibilites (id, chauffeur_id, date_dispo, heure_debut, heure_fin, soumis_le, modifie_le) FROM stdin;
dd84251e-2097-4d66-b6e6-e9fc702cf5ad	5df0dd59-c2f6-4075-8d43-c82892209c90	2026-04-07	06:00:00	23:59:00	2026-03-28 14:30:23.835462	2026-03-28 14:30:23.835462
66fa6ad3-777c-495e-ad36-d53a5519fc21	e2f8c134-2778-45ed-803d-ab40d7db761b	2026-04-07	06:00:00	23:59:00	2026-03-28 14:30:23.839381	2026-03-28 14:30:23.839381
e24cf95e-ed76-439e-a1c6-613f7ba8e4b4	f8aa0514-4755-40d8-95b7-41eb5df66a2d	2026-04-06	07:00:00	09:00:00	2026-03-29 09:28:40.280438	2026-03-29 09:28:40.280438
edc3907f-f890-4583-a9e4-41a9ee9b728a	f8aa0514-4755-40d8-95b7-41eb5df66a2d	2026-04-07	06:00:00	09:00:00	2026-03-29 09:28:40.390334	2026-03-29 09:28:40.390334
d707437c-c282-4185-8de9-d94f80479b60	f8aa0514-4755-40d8-95b7-41eb5df66a2d	2026-04-07	11:00:00	14:00:00	2026-03-29 09:28:40.415972	2026-03-29 09:28:40.415972
1a649a2b-3d57-418f-a421-24ceff55ecd9	f8aa0514-4755-40d8-95b7-41eb5df66a2d	2026-04-07	17:00:00	22:00:00	2026-03-29 09:28:40.440841	2026-03-29 09:28:40.440841
767b7772-b656-421a-98c2-b1ba3532f2a8	f8aa0514-4755-40d8-95b7-41eb5df66a2d	2026-04-08	07:00:00	09:00:00	2026-03-29 09:28:40.462941	2026-03-29 09:28:40.462941
8d570549-aa3f-4c05-80be-93023440a553	f8aa0514-4755-40d8-95b7-41eb5df66a2d	2026-04-08	16:00:00	20:00:00	2026-03-29 09:28:40.520428	2026-03-29 09:28:40.520428
9bbc1595-f57b-4932-b31a-c7f273143af3	f8aa0514-4755-40d8-95b7-41eb5df66a2d	2026-04-09	07:00:00	09:00:00	2026-03-29 09:28:40.545083	2026-03-29 09:28:40.545083
fd096d4b-ee0b-40b4-af6c-5810083be2fe	f8aa0514-4755-40d8-95b7-41eb5df66a2d	2026-04-10	07:00:00	09:00:00	2026-03-29 09:28:40.569895	2026-03-29 09:28:40.569895
1c388ad3-6a67-4424-988f-271599308876	f8aa0514-4755-40d8-95b7-41eb5df66a2d	2026-04-10	14:00:00	21:00:00	2026-03-29 09:28:40.595303	2026-03-29 09:28:40.595303
1b6580c5-fb0f-44bf-a8d3-608398b1b9c0	f8aa0514-4755-40d8-95b7-41eb5df66a2d	2026-04-11	07:00:00	09:00:00	2026-03-29 09:28:40.620224	2026-03-29 09:28:40.620224
76b5ea68-08f3-408b-85b1-6b11dbd41ebb	f8aa0514-4755-40d8-95b7-41eb5df66a2d	2026-04-12	07:00:00	09:00:00	2026-03-29 09:28:40.643788	2026-03-29 09:28:40.643788
4fdc612c-d42d-4c08-9585-7c82fae25bce	f8aa0514-4755-40d8-95b7-41eb5df66a2d	2026-03-30	09:00:00	12:00:00	2026-03-29 09:46:29.813137	2026-03-29 09:46:29.813137
7bf4d65c-2d93-472c-a24a-ef2461675647	f8aa0514-4755-40d8-95b7-41eb5df66a2d	2026-04-01	12:00:00	16:00:00	2026-03-29 09:46:29.848295	2026-03-29 09:46:29.848295
34fc3df4-6c0a-4375-814e-b2f782640b39	f8aa0514-4755-40d8-95b7-41eb5df66a2d	2026-04-03	08:00:00	11:00:00	2026-03-29 09:46:29.873832	2026-03-29 09:46:29.873832
3fb46958-275c-47aa-8e9e-3250cb6b493b	f8aa0514-4755-40d8-95b7-41eb5df66a2d	2026-04-04	13:00:00	18:00:00	2026-03-29 09:46:29.900193	2026-03-29 09:46:29.900193
3cddd75b-c9c2-49c0-9a33-3692bc4510fd	f8aa0514-4755-40d8-95b7-41eb5df66a2d	2026-04-05	10:00:00	12:00:00	2026-03-29 09:46:29.923821	2026-03-29 09:46:29.923821
b6d04df1-bd1c-4a03-9d02-78cbff0d3784	2fb8af64-bf43-46d3-9053-5fd673a68c2a	2026-04-07	06:00:00	23:00:00	2026-03-29 16:10:45.600177	2026-03-29 16:10:45.600177
e9cbdc4b-6d1a-4d50-bf18-7444752583e1	2fb8af64-bf43-46d3-9053-5fd673a68c2a	2026-04-08	06:00:00	10:00:00	2026-03-29 16:10:45.649941	2026-03-29 16:10:45.649941
9931f3c6-2857-4e1d-9826-460a33513480	2fb8af64-bf43-46d3-9053-5fd673a68c2a	2026-04-08	13:00:00	19:00:00	2026-03-29 16:10:45.694145	2026-03-29 16:10:45.694145
97d6eaf6-fd6e-44c8-ba80-af12c6d0ca3f	fd4bc826-7b37-476f-be0f-a00dc64fc4ae	2026-04-07	06:00:00	23:00:00	2026-03-29 16:22:26.368319	2026-03-29 16:22:26.368319
716fe207-d37a-4c8e-aa68-a6f7161c1293	fd4bc826-7b37-476f-be0f-a00dc64fc4ae	2026-04-08	06:00:00	13:00:00	2026-03-29 16:22:26.414865	2026-03-29 16:22:26.414865
33dfbe75-4ae2-4597-9106-6eade9c3ceb8	fd4bc826-7b37-476f-be0f-a00dc64fc4ae	2026-04-08	17:00:00	23:00:00	2026-03-29 16:22:26.451868	2026-03-29 16:22:26.451868
92c3ed30-3a3b-428f-83ec-c19901b72196	88e6f06f-a598-4a10-aa21-b4d0f4e2aa9d	2026-04-07	06:00:00	23:00:00	2026-03-29 16:23:09.660252	2026-03-29 16:23:09.660252
b5e52675-a9ad-4425-98a0-1fe174a9847e	88e6f06f-a598-4a10-aa21-b4d0f4e2aa9d	2026-04-08	10:00:00	14:00:00	2026-03-29 16:23:09.717971	2026-03-29 16:23:09.717971
e2c1c906-3d51-4726-838d-fcaf1af055ca	88e6f06f-a598-4a10-aa21-b4d0f4e2aa9d	2026-04-08	17:00:00	18:00:00	2026-03-29 16:23:09.753197	2026-03-29 16:23:09.753197
127753e2-15c6-47ef-af40-ca96c5d3e6ef	88e6f06f-a598-4a10-aa21-b4d0f4e2aa9d	2026-04-08	20:00:00	21:00:00	2026-03-29 16:23:09.789355	2026-03-29 16:23:09.789355
182f45a8-d20e-4afb-939a-7accac34c851	ac57e90e-f690-4506-9246-12b2896daf12	2026-04-07	06:00:00	23:00:00	2026-03-29 16:23:38.669053	2026-03-29 16:23:38.669053
9d997049-22c9-47ff-b48e-bb9242b9971b	ac57e90e-f690-4506-9246-12b2896daf12	2026-04-08	12:00:00	15:00:00	2026-03-29 16:23:38.713563	2026-03-29 16:23:38.713563
48078578-1c3c-4f0c-8847-0bcf6308ae47	ac57e90e-f690-4506-9246-12b2896daf12	2026-04-08	17:00:00	19:00:00	2026-03-29 16:23:38.749875	2026-03-29 16:23:38.749875
3b715497-0f1d-45af-a600-551a574030c4	2fb8af64-bf43-46d3-9053-5fd673a68c2a	2026-04-06	06:00:00	12:00:00	2026-04-05 05:14:38.728691	2026-04-05 05:14:38.728691
7d68b572-d6a4-4840-b956-c916f0122330	88e6f06f-a598-4a10-aa21-b4d0f4e2aa9d	2026-04-06	14:00:00	22:00:00	2026-04-05 05:14:38.742645	2026-04-05 05:14:38.742645
81ec968d-bc2f-45cf-86ca-0fd5cda3e73e	5df0dd59-c2f6-4075-8d43-c82892209c90	2026-04-06	10:00:00	19:00:00	2026-04-05 05:14:38.746571	2026-04-05 05:14:38.746571
38d2f1cc-a003-40d3-abf4-5eda9b92b794	e2f8c134-2778-45ed-803d-ab40d7db761b	2026-04-06	07:00:00	11:00:00	2026-04-05 05:14:38.750815	2026-04-05 05:14:38.750815
49187b0f-9b95-4f37-82ae-1a878ecaaaf6	e2f8c134-2778-45ed-803d-ab40d7db761b	2026-04-06	18:00:00	23:00:00	2026-04-05 05:14:38.855665	2026-04-05 05:14:38.855665
\.


--
-- Data for Name: envois_email; Type: TABLE DATA; Schema: public; Owner: dispatch_user
--

COPY public.envois_email (id, chauffeur_id, date_programme, envoye_par, envoye_le, nb_trajets, statut_envoi, erreur) FROM stdin;
c6b05c78-60d0-433f-a634-c5784f37deaa	2fb8af64-bf43-46d3-9053-5fd673a68c2a	2026-04-08	6c4efa13-53d2-47fb-a8b2-f1c504c31156	2026-03-30 07:48:07.540088	3	envoye	\N
d09ee447-d544-4634-b0fe-4c1ef0f528dc	5df0dd59-c2f6-4075-8d43-c82892209c90	2026-04-08	6c4efa13-53d2-47fb-a8b2-f1c504c31156	2026-03-30 07:48:09.491992	1	envoye	\N
384d4183-d547-452d-941f-2784a75ffbcb	88e6f06f-a598-4a10-aa21-b4d0f4e2aa9d	2026-04-08	6c4efa13-53d2-47fb-a8b2-f1c504c31156	2026-03-30 07:48:11.44952	3	envoye	\N
1b58c35f-f7a1-40f7-b486-116ea06425c9	e2f8c134-2778-45ed-803d-ab40d7db761b	2026-04-08	6c4efa13-53d2-47fb-a8b2-f1c504c31156	2026-03-30 07:48:13.987251	1	envoye	\N
c8b77c8c-cc1d-4a16-904c-d753c81b837a	f8aa0514-4755-40d8-95b7-41eb5df66a2d	2026-04-08	6c4efa13-53d2-47fb-a8b2-f1c504c31156	2026-03-30 07:48:16.966746	1	envoye	\N
bd181dc1-d56e-47d0-bafe-1167be38d3ad	fd4bc826-7b37-476f-be0f-a00dc64fc4ae	2026-04-08	6c4efa13-53d2-47fb-a8b2-f1c504c31156	2026-03-30 07:48:19.515615	3	envoye	\N
921f91c8-03bb-40eb-a135-b386206e53a9	2fb8af64-bf43-46d3-9053-5fd673a68c2a	2026-04-06	6c4efa13-53d2-47fb-a8b2-f1c504c31156	2026-04-05 06:16:37.02332	4	envoye	\N
7c226a38-26b8-4a83-a86c-9c7e424b6f47	5df0dd59-c2f6-4075-8d43-c82892209c90	2026-04-06	6c4efa13-53d2-47fb-a8b2-f1c504c31156	2026-04-05 06:16:39.493318	5	envoye	\N
5d2ba206-6046-4578-aa24-2be5fdda9bcb	e2f8c134-2778-45ed-803d-ab40d7db761b	2026-04-06	6c4efa13-53d2-47fb-a8b2-f1c504c31156	2026-04-05 06:16:41.464905	1	envoye	\N
9fa84ed1-efd4-49d2-b23b-5e5e8f9ee902	f8aa0514-4755-40d8-95b7-41eb5df66a2d	2026-04-06	6c4efa13-53d2-47fb-a8b2-f1c504c31156	2026-04-05 06:16:44.190524	1	envoye	\N
ea960536-3c81-4646-b796-59aa81b2afb1	2fb8af64-bf43-46d3-9053-5fd673a68c2a	2026-04-06	6c4efa13-53d2-47fb-a8b2-f1c504c31156	2026-04-05 06:25:03.811681	4	envoye	\N
83c8ebba-5472-4472-9146-bad998d5a07e	5df0dd59-c2f6-4075-8d43-c82892209c90	2026-04-06	6c4efa13-53d2-47fb-a8b2-f1c504c31156	2026-04-05 06:25:06.305422	5	envoye	\N
08e97a94-b53a-4022-9aea-4e8f4eeb5871	e2f8c134-2778-45ed-803d-ab40d7db761b	2026-04-06	6c4efa13-53d2-47fb-a8b2-f1c504c31156	2026-04-05 06:25:07.987337	1	envoye	\N
557bf0e1-87e4-4ee0-8b7d-13821f99c013	f8aa0514-4755-40d8-95b7-41eb5df66a2d	2026-04-06	6c4efa13-53d2-47fb-a8b2-f1c504c31156	2026-04-05 06:25:10.536048	1	envoye	\N
27152c77-40bb-48b5-b13d-56723c7b7946	2fb8af64-bf43-46d3-9053-5fd673a68c2a	2026-04-06	6c4efa13-53d2-47fb-a8b2-f1c504c31156	2026-04-05 06:34:03.016752	4	envoye	\N
6b80f380-df14-413a-878b-8380ff4be7a5	5df0dd59-c2f6-4075-8d43-c82892209c90	2026-04-06	6c4efa13-53d2-47fb-a8b2-f1c504c31156	2026-04-05 06:34:05.336635	5	envoye	\N
904f22e2-568c-4a45-b667-ac623ebe2f48	e2f8c134-2778-45ed-803d-ab40d7db761b	2026-04-06	6c4efa13-53d2-47fb-a8b2-f1c504c31156	2026-04-05 06:34:07.156461	1	envoye	\N
279bf3d4-ffcd-4331-b1f8-d1d79e6fc929	f8aa0514-4755-40d8-95b7-41eb5df66a2d	2026-04-06	6c4efa13-53d2-47fb-a8b2-f1c504c31156	2026-04-05 06:34:09.693298	1	envoye	\N
7a2161ce-eaee-4414-9a82-8d6fbefed047	2fb8af64-bf43-46d3-9053-5fd673a68c2a	2026-04-06	6c4efa13-53d2-47fb-a8b2-f1c504c31156	2026-04-05 06:40:18.549394	4	envoye	\N
f022839a-f21e-4d5d-83db-b2e093967109	5df0dd59-c2f6-4075-8d43-c82892209c90	2026-04-06	6c4efa13-53d2-47fb-a8b2-f1c504c31156	2026-04-05 06:40:20.366435	5	envoye	\N
bc4f240e-b4fc-45f7-9ace-07e0a1c5258a	e2f8c134-2778-45ed-803d-ab40d7db761b	2026-04-06	6c4efa13-53d2-47fb-a8b2-f1c504c31156	2026-04-05 06:40:22.636423	1	envoye	\N
f5396e62-d78c-4515-801c-8de8e703d83a	f8aa0514-4755-40d8-95b7-41eb5df66a2d	2026-04-06	6c4efa13-53d2-47fb-a8b2-f1c504c31156	2026-04-05 06:40:25.187961	1	envoye	\N
cc5b4c6b-8e5c-4b71-b3d3-ad254c43ebad	2fb8af64-bf43-46d3-9053-5fd673a68c2a	2026-04-06	6c4efa13-53d2-47fb-a8b2-f1c504c31156	2026-04-05 06:42:34.447487	4	envoye	\N
dce39677-157b-463b-a7b1-b0aba9dec77a	5df0dd59-c2f6-4075-8d43-c82892209c90	2026-04-06	6c4efa13-53d2-47fb-a8b2-f1c504c31156	2026-04-05 06:42:36.284962	5	envoye	\N
cd34c1e8-0668-4631-9821-3edc0f018adb	e2f8c134-2778-45ed-803d-ab40d7db761b	2026-04-06	6c4efa13-53d2-47fb-a8b2-f1c504c31156	2026-04-05 06:42:38.533972	1	envoye	\N
5ce706be-7416-4198-aa08-90edc2bac370	f8aa0514-4755-40d8-95b7-41eb5df66a2d	2026-04-06	6c4efa13-53d2-47fb-a8b2-f1c504c31156	2026-04-05 06:42:40.428687	1	envoye	\N
f08525e3-7b76-4ddd-bd2c-395d5c442fa5	2fb8af64-bf43-46d3-9053-5fd673a68c2a	2026-04-06	6c4efa13-53d2-47fb-a8b2-f1c504c31156	2026-04-05 06:43:21.633953	4	envoye	\N
103ab3e3-2e5d-4bdc-9331-78f248f0ae00	5df0dd59-c2f6-4075-8d43-c82892209c90	2026-04-06	6c4efa13-53d2-47fb-a8b2-f1c504c31156	2026-04-05 06:43:23.453568	5	envoye	\N
0fa8de17-9ca0-459f-abb4-2e624acf6e7c	e2f8c134-2778-45ed-803d-ab40d7db761b	2026-04-06	6c4efa13-53d2-47fb-a8b2-f1c504c31156	2026-04-05 06:43:25.323676	1	envoye	\N
ca12d687-08c1-4fbc-9f63-c7b9f4b8f559	f8aa0514-4755-40d8-95b7-41eb5df66a2d	2026-04-06	6c4efa13-53d2-47fb-a8b2-f1c504c31156	2026-04-05 06:43:26.976521	1	envoye	\N
74832037-bc5c-4c60-94d4-d8d19bd66372	2fb8af64-bf43-46d3-9053-5fd673a68c2a	2026-04-06	6c4efa13-53d2-47fb-a8b2-f1c504c31156	2026-04-05 06:44:51.637394	4	envoye	\N
6f04f4d6-3682-4ede-89fa-5e3b7df731e6	5df0dd59-c2f6-4075-8d43-c82892209c90	2026-04-06	6c4efa13-53d2-47fb-a8b2-f1c504c31156	2026-04-05 06:44:53.660632	5	envoye	\N
ea0d6cb8-8648-4a94-9c5f-61dc40a0f23c	e2f8c134-2778-45ed-803d-ab40d7db761b	2026-04-06	6c4efa13-53d2-47fb-a8b2-f1c504c31156	2026-04-05 06:44:56.20001	1	envoye	\N
3be1aeff-1d03-453c-8c32-3ad2cb546789	f8aa0514-4755-40d8-95b7-41eb5df66a2d	2026-04-06	6c4efa13-53d2-47fb-a8b2-f1c504c31156	2026-04-05 06:44:57.99749	1	envoye	\N
236d1fa6-3001-438f-8326-44beaba66def	2fb8af64-bf43-46d3-9053-5fd673a68c2a	2026-04-06	6c4efa13-53d2-47fb-a8b2-f1c504c31156	2026-04-05 06:46:01.295161	4	envoye	\N
2a9e78fc-d068-49d1-9562-6c431f130448	5df0dd59-c2f6-4075-8d43-c82892209c90	2026-04-06	6c4efa13-53d2-47fb-a8b2-f1c504c31156	2026-04-05 06:46:03.815711	5	envoye	\N
0cbdaea6-2211-4025-a194-7bb18ec2580f	e2f8c134-2778-45ed-803d-ab40d7db761b	2026-04-06	6c4efa13-53d2-47fb-a8b2-f1c504c31156	2026-04-05 06:46:06.391856	1	envoye	\N
43ff366e-dd93-4d1a-a93b-9f49e5826132	f8aa0514-4755-40d8-95b7-41eb5df66a2d	2026-04-06	6c4efa13-53d2-47fb-a8b2-f1c504c31156	2026-04-05 06:46:08.839402	1	envoye	\N
c894239d-30ec-4d43-a11d-3e08c0eb54fa	2fb8af64-bf43-46d3-9053-5fd673a68c2a	2026-04-06	6c4efa13-53d2-47fb-a8b2-f1c504c31156	2026-04-05 06:48:03.332083	4	envoye	\N
d67d47ac-35f8-4228-8a29-64ca10b68464	5df0dd59-c2f6-4075-8d43-c82892209c90	2026-04-06	6c4efa13-53d2-47fb-a8b2-f1c504c31156	2026-04-05 06:48:05.211185	5	envoye	\N
983e3977-909b-49c8-bf22-4f120959d761	88e6f06f-a598-4a10-aa21-b4d0f4e2aa9d	2026-04-06	6c4efa13-53d2-47fb-a8b2-f1c504c31156	2026-04-05 06:48:06.953204	1	envoye	\N
1e89604f-f7e2-4773-9d96-c8e6560242e0	e2f8c134-2778-45ed-803d-ab40d7db761b	2026-04-06	6c4efa13-53d2-47fb-a8b2-f1c504c31156	2026-04-05 06:48:10.506768	1	envoye	\N
ff6370a6-5eb4-4547-94ae-84766ace1b68	2fb8af64-bf43-46d3-9053-5fd673a68c2a	2026-04-06	6c4efa13-53d2-47fb-a8b2-f1c504c31156	2026-04-05 06:50:00.983893	4	envoye	\N
74d61f87-258d-45f1-85f1-2ae600fc6b57	5df0dd59-c2f6-4075-8d43-c82892209c90	2026-04-06	6c4efa13-53d2-47fb-a8b2-f1c504c31156	2026-04-05 06:50:03.625968	5	envoye	\N
410e9c5d-bff0-4573-8e3d-24316463e9af	e2f8c134-2778-45ed-803d-ab40d7db761b	2026-04-06	6c4efa13-53d2-47fb-a8b2-f1c504c31156	2026-04-05 06:50:05.504823	1	envoye	\N
d0d76224-0945-4d90-953a-fa78a75b7cd8	f8aa0514-4755-40d8-95b7-41eb5df66a2d	2026-04-06	6c4efa13-53d2-47fb-a8b2-f1c504c31156	2026-04-05 06:50:08.425138	1	envoye	\N
43331b5b-1010-4ed5-9f27-e835e87a4b6a	2fb8af64-bf43-46d3-9053-5fd673a68c2a	2026-04-06	6c4efa13-53d2-47fb-a8b2-f1c504c31156	2026-04-05 06:56:42.82569	4	envoye	\N
478ac0f1-c9c0-435a-bcb0-6e582c85b9b9	5df0dd59-c2f6-4075-8d43-c82892209c90	2026-04-06	6c4efa13-53d2-47fb-a8b2-f1c504c31156	2026-04-05 06:56:44.644693	5	envoye	\N
42ee078f-bfae-4e1c-96ce-8edf0218488a	e2f8c134-2778-45ed-803d-ab40d7db761b	2026-04-06	6c4efa13-53d2-47fb-a8b2-f1c504c31156	2026-04-05 06:56:46.495076	1	envoye	\N
a6b1a453-7e82-4c6d-8d2e-7d33730b1218	f8aa0514-4755-40d8-95b7-41eb5df66a2d	2026-04-06	6c4efa13-53d2-47fb-a8b2-f1c504c31156	2026-04-05 06:56:48.548144	1	envoye	\N
bbedf69f-7030-43c3-a021-7327f1d16d00	2fb8af64-bf43-46d3-9053-5fd673a68c2a	2026-04-06	6c4efa13-53d2-47fb-a8b2-f1c504c31156	2026-04-05 06:58:38.475618	4	envoye	\N
10ac16e8-09c2-4ef8-a17a-effb77ff4b11	5df0dd59-c2f6-4075-8d43-c82892209c90	2026-04-06	6c4efa13-53d2-47fb-a8b2-f1c504c31156	2026-04-05 06:58:41.020068	5	envoye	\N
cc613ab6-19c4-4e70-9b67-a8de92858566	88e6f06f-a598-4a10-aa21-b4d0f4e2aa9d	2026-04-06	6c4efa13-53d2-47fb-a8b2-f1c504c31156	2026-04-05 06:58:44.644259	1	envoye	\N
8d336891-981c-419b-be63-feafeffac335	e2f8c134-2778-45ed-803d-ab40d7db761b	2026-04-06	6c4efa13-53d2-47fb-a8b2-f1c504c31156	2026-04-05 06:58:46.483023	1	envoye	\N
6fc45579-4d9c-45ad-b21a-09a07b58ad12	2fb8af64-bf43-46d3-9053-5fd673a68c2a	2026-04-06	6c4efa13-53d2-47fb-a8b2-f1c504c31156	2026-04-05 06:59:51.12024	4	envoye	\N
e57e23a8-c80d-45b0-a23e-968991507744	5df0dd59-c2f6-4075-8d43-c82892209c90	2026-04-06	6c4efa13-53d2-47fb-a8b2-f1c504c31156	2026-04-05 06:59:53.592938	5	envoye	\N
d062c2aa-1c78-4d36-b28a-062810924ccf	e2f8c134-2778-45ed-803d-ab40d7db761b	2026-04-06	6c4efa13-53d2-47fb-a8b2-f1c504c31156	2026-04-05 06:59:55.885962	1	envoye	\N
a3a656a8-6ed7-4617-a325-c15682439abb	f8aa0514-4755-40d8-95b7-41eb5df66a2d	2026-04-06	6c4efa13-53d2-47fb-a8b2-f1c504c31156	2026-04-05 06:59:58.345633	1	envoye	\N
bf96b9e4-bd7b-45fd-9467-e3a5473ac73a	2fb8af64-bf43-46d3-9053-5fd673a68c2a	2026-04-06	6c4efa13-53d2-47fb-a8b2-f1c504c31156	2026-04-05 07:00:51.911672	4	envoye	\N
25b2742b-fade-4d66-a4d4-dd7257809b1b	5df0dd59-c2f6-4075-8d43-c82892209c90	2026-04-06	6c4efa13-53d2-47fb-a8b2-f1c504c31156	2026-04-05 07:00:53.616672	5	envoye	\N
289745d3-134b-407c-9071-b2dcb4e765f3	e2f8c134-2778-45ed-803d-ab40d7db761b	2026-04-06	6c4efa13-53d2-47fb-a8b2-f1c504c31156	2026-04-05 07:00:55.849385	1	envoye	\N
c8274601-50e6-49aa-95e4-418954e74ca8	f8aa0514-4755-40d8-95b7-41eb5df66a2d	2026-04-06	6c4efa13-53d2-47fb-a8b2-f1c504c31156	2026-04-05 07:00:58.390455	1	envoye	\N
0be2a400-fdb3-4cd2-822e-ff05f56da6a9	2fb8af64-bf43-46d3-9053-5fd673a68c2a	2026-04-06	6c4efa13-53d2-47fb-a8b2-f1c504c31156	2026-04-05 07:02:28.350892	4	envoye	\N
e7365406-1681-495d-8218-41653548e8b6	5df0dd59-c2f6-4075-8d43-c82892209c90	2026-04-06	6c4efa13-53d2-47fb-a8b2-f1c504c31156	2026-04-05 07:02:30.370712	5	envoye	\N
443409ff-b2e4-49b5-905a-ecb8ba35151a	e2f8c134-2778-45ed-803d-ab40d7db761b	2026-04-06	6c4efa13-53d2-47fb-a8b2-f1c504c31156	2026-04-05 07:02:32.057088	1	envoye	\N
032dc603-3053-459f-8a17-18d1e7ba3778	f8aa0514-4755-40d8-95b7-41eb5df66a2d	2026-04-06	6c4efa13-53d2-47fb-a8b2-f1c504c31156	2026-04-05 07:02:33.883854	1	envoye	\N
742ccbcf-ea3b-4a44-a854-d53124588f13	2fb8af64-bf43-46d3-9053-5fd673a68c2a	2026-04-06	6c4efa13-53d2-47fb-a8b2-f1c504c31156	2026-04-05 07:05:14.44817	4	envoye	\N
05eec448-2c6c-403d-9a8e-b538c81ee71e	5df0dd59-c2f6-4075-8d43-c82892209c90	2026-04-06	6c4efa13-53d2-47fb-a8b2-f1c504c31156	2026-04-05 07:05:16.838531	5	envoye	\N
3ab2c777-279a-4540-afe9-45b8c2a0972b	e2f8c134-2778-45ed-803d-ab40d7db761b	2026-04-06	6c4efa13-53d2-47fb-a8b2-f1c504c31156	2026-04-05 07:05:18.63838	1	envoye	\N
f0539728-6bed-49ba-a922-86b99ad5d43b	f8aa0514-4755-40d8-95b7-41eb5df66a2d	2026-04-06	6c4efa13-53d2-47fb-a8b2-f1c504c31156	2026-04-05 07:05:20.482663	1	envoye	\N
3dfe42cb-fd36-46fd-8787-9c862a9b5155	2fb8af64-bf43-46d3-9053-5fd673a68c2a	2026-04-06	6c4efa13-53d2-47fb-a8b2-f1c504c31156	2026-04-05 07:06:40.42792	4	envoye	\N
823e4282-baf4-43c0-a860-ba29d9884110	5df0dd59-c2f6-4075-8d43-c82892209c90	2026-04-06	6c4efa13-53d2-47fb-a8b2-f1c504c31156	2026-04-05 07:06:42.321575	5	envoye	\N
7575ca90-7bdd-4288-b6e0-fd209b471d0d	e2f8c134-2778-45ed-803d-ab40d7db761b	2026-04-06	6c4efa13-53d2-47fb-a8b2-f1c504c31156	2026-04-05 07:06:44.786162	1	envoye	\N
0aaca2da-f667-4ede-86d9-f84a3e5bacc6	f8aa0514-4755-40d8-95b7-41eb5df66a2d	2026-04-06	6c4efa13-53d2-47fb-a8b2-f1c504c31156	2026-04-05 07:06:46.46529	1	envoye	\N
94112000-b88c-45d0-b614-520e11f71546	2fb8af64-bf43-46d3-9053-5fd673a68c2a	2026-04-06	6c4efa13-53d2-47fb-a8b2-f1c504c31156	2026-04-05 07:09:06.007523	4	envoye	\N
d2378083-d97b-4271-93f5-911c38e58ed6	5df0dd59-c2f6-4075-8d43-c82892209c90	2026-04-06	6c4efa13-53d2-47fb-a8b2-f1c504c31156	2026-04-05 07:09:09.362684	5	envoye	\N
a1ba9bc9-db3e-48e6-947c-98b907d2145d	e2f8c134-2778-45ed-803d-ab40d7db761b	2026-04-06	6c4efa13-53d2-47fb-a8b2-f1c504c31156	2026-04-05 07:09:11.874475	1	envoye	\N
e47c3011-63c9-42f0-ab53-ae6d9f79e064	f8aa0514-4755-40d8-95b7-41eb5df66a2d	2026-04-06	6c4efa13-53d2-47fb-a8b2-f1c504c31156	2026-04-05 07:09:15.344161	1	envoye	\N
ef8af2ea-fc52-4261-9d82-a26861b0c052	2fb8af64-bf43-46d3-9053-5fd673a68c2a	2026-04-06	6c4efa13-53d2-47fb-a8b2-f1c504c31156	2026-04-05 07:09:43.446797	4	envoye	\N
fbe4ca07-c328-4128-ba72-aab08cdabb63	5df0dd59-c2f6-4075-8d43-c82892209c90	2026-04-06	6c4efa13-53d2-47fb-a8b2-f1c504c31156	2026-04-05 07:09:45.380073	5	envoye	\N
a1be7793-e701-4fff-bfa7-58b10bfe92ac	e2f8c134-2778-45ed-803d-ab40d7db761b	2026-04-06	6c4efa13-53d2-47fb-a8b2-f1c504c31156	2026-04-05 07:09:46.985996	1	envoye	\N
ea56f60b-1026-4db6-ae94-97b101ad3ad6	f8aa0514-4755-40d8-95b7-41eb5df66a2d	2026-04-06	6c4efa13-53d2-47fb-a8b2-f1c504c31156	2026-04-05 07:09:49.558091	1	envoye	\N
4b5aff32-6916-48a6-8b5c-3840b96e9aec	2fb8af64-bf43-46d3-9053-5fd673a68c2a	2026-04-06	6c4efa13-53d2-47fb-a8b2-f1c504c31156	2026-04-05 07:12:34.468166	4	envoye	\N
22a95c7c-fc4c-4599-b3a0-5fe1d4c07787	5df0dd59-c2f6-4075-8d43-c82892209c90	2026-04-06	6c4efa13-53d2-47fb-a8b2-f1c504c31156	2026-04-05 07:12:36.286073	5	envoye	\N
22072f71-b57d-4ab7-b205-73523a7abc76	e2f8c134-2778-45ed-803d-ab40d7db761b	2026-04-06	6c4efa13-53d2-47fb-a8b2-f1c504c31156	2026-04-05 07:12:37.944089	1	envoye	\N
68785018-e8b3-441d-8f57-a374588e876b	f8aa0514-4755-40d8-95b7-41eb5df66a2d	2026-04-06	6c4efa13-53d2-47fb-a8b2-f1c504c31156	2026-04-05 07:12:40.487223	1	envoye	\N
30261b96-9d72-4b02-bbed-b18894a940c3	2fb8af64-bf43-46d3-9053-5fd673a68c2a	2026-04-06	6c4efa13-53d2-47fb-a8b2-f1c504c31156	2026-04-05 07:16:27.061685	4	envoye	\N
264602db-0521-4e56-a55a-3ed78e3c7f3e	5df0dd59-c2f6-4075-8d43-c82892209c90	2026-04-06	6c4efa13-53d2-47fb-a8b2-f1c504c31156	2026-04-05 07:16:30.689712	5	envoye	\N
6b700dab-7814-49da-9ada-1398fab0b0db	e2f8c134-2778-45ed-803d-ab40d7db761b	2026-04-06	6c4efa13-53d2-47fb-a8b2-f1c504c31156	2026-04-05 07:16:34.13331	1	envoye	\N
55f1c1b8-8ac6-4f00-bad3-967d0dc5f1a9	f8aa0514-4755-40d8-95b7-41eb5df66a2d	2026-04-06	6c4efa13-53d2-47fb-a8b2-f1c504c31156	2026-04-05 07:16:36.132708	1	envoye	\N
0060e70b-90b3-451a-935a-394d344255ad	2fb8af64-bf43-46d3-9053-5fd673a68c2a	2026-04-06	6c4efa13-53d2-47fb-a8b2-f1c504c31156	2026-04-05 07:17:18.077769	4	envoye	\N
7a5f895e-8854-4403-9b41-eb107154df04	5df0dd59-c2f6-4075-8d43-c82892209c90	2026-04-06	6c4efa13-53d2-47fb-a8b2-f1c504c31156	2026-04-05 07:17:20.660742	5	envoye	\N
a6dd08ab-7d5c-4bb1-ae04-4612460554d9	e2f8c134-2778-45ed-803d-ab40d7db761b	2026-04-06	6c4efa13-53d2-47fb-a8b2-f1c504c31156	2026-04-05 07:17:24.084817	1	envoye	\N
33ee7048-15e0-491e-b1a2-039dbb362431	f8aa0514-4755-40d8-95b7-41eb5df66a2d	2026-04-06	6c4efa13-53d2-47fb-a8b2-f1c504c31156	2026-04-05 07:17:25.897435	1	envoye	\N
8f9acbdd-d610-4366-9e46-5bec7e51058f	2fb8af64-bf43-46d3-9053-5fd673a68c2a	2026-04-06	6c4efa13-53d2-47fb-a8b2-f1c504c31156	2026-04-05 07:21:36.477026	4	envoye	\N
d1be1cdf-cbc1-4344-9b76-1654bc59e791	5df0dd59-c2f6-4075-8d43-c82892209c90	2026-04-06	6c4efa13-53d2-47fb-a8b2-f1c504c31156	2026-04-05 07:21:38.240904	5	envoye	\N
e259c040-918c-4dbe-a1cb-7483a49f1f4a	e2f8c134-2778-45ed-803d-ab40d7db761b	2026-04-06	6c4efa13-53d2-47fb-a8b2-f1c504c31156	2026-04-05 07:21:40.89284	1	envoye	\N
ffd3d6ea-cd47-4b43-89e0-d39dea2cdbd6	f8aa0514-4755-40d8-95b7-41eb5df66a2d	2026-04-06	6c4efa13-53d2-47fb-a8b2-f1c504c31156	2026-04-05 07:21:43.982192	1	envoye	\N
487dac1e-1de9-4596-99a8-4da79165eea6	2fb8af64-bf43-46d3-9053-5fd673a68c2a	2026-04-06	6c4efa13-53d2-47fb-a8b2-f1c504c31156	2026-04-05 07:25:31.720359	4	envoye	\N
67838ac2-9dce-42d7-a13f-75b632e890dc	5df0dd59-c2f6-4075-8d43-c82892209c90	2026-04-06	6c4efa13-53d2-47fb-a8b2-f1c504c31156	2026-04-05 07:25:34.087278	5	envoye	\N
ee89d446-b213-4deb-9628-618178b5c7b8	88e6f06f-a598-4a10-aa21-b4d0f4e2aa9d	2026-04-06	6c4efa13-53d2-47fb-a8b2-f1c504c31156	2026-04-05 07:25:36.08038	1	envoye	\N
272af980-05dc-440a-8510-9c5b99b85226	e2f8c134-2778-45ed-803d-ab40d7db761b	2026-04-06	6c4efa13-53d2-47fb-a8b2-f1c504c31156	2026-04-05 07:25:37.726276	1	envoye	\N
4a74c6aa-8145-47e8-a508-921bb59eaa13	2fb8af64-bf43-46d3-9053-5fd673a68c2a	2026-04-06	6c4efa13-53d2-47fb-a8b2-f1c504c31156	2026-04-05 07:34:31.823583	2	envoye	\N
11b4bf57-c65c-488d-8ccb-0d11ea1d31e4	5df0dd59-c2f6-4075-8d43-c82892209c90	2026-04-06	6c4efa13-53d2-47fb-a8b2-f1c504c31156	2026-04-05 07:34:33.63791	1	envoye	\N
36230f47-44f1-4a9d-82de-c989957e4025	88e6f06f-a598-4a10-aa21-b4d0f4e2aa9d	2026-04-06	6c4efa13-53d2-47fb-a8b2-f1c504c31156	2026-04-05 07:34:37.177133	2	envoye	\N
c3f744a8-0bf2-4356-b2ff-afb068c7381e	ac57e90e-f690-4506-9246-12b2896daf12	2026-04-06	6c4efa13-53d2-47fb-a8b2-f1c504c31156	2026-04-05 07:34:38.94441	1	envoye	\N
5abab98f-5e04-4c68-8a55-1bca12292015	e2f8c134-2778-45ed-803d-ab40d7db761b	2026-04-06	6c4efa13-53d2-47fb-a8b2-f1c504c31156	2026-04-05 07:34:42.443134	2	envoye	\N
b99eb9b2-1f33-4581-819d-e2a3c22e3e6a	f8aa0514-4755-40d8-95b7-41eb5df66a2d	2026-04-06	6c4efa13-53d2-47fb-a8b2-f1c504c31156	2026-04-05 07:34:44.879967	3	envoye	\N
596ef77e-dc7a-471a-b835-41bc408ea6ae	2fb8af64-bf43-46d3-9053-5fd673a68c2a	2026-04-06	6c4efa13-53d2-47fb-a8b2-f1c504c31156	2026-04-05 08:06:57.305674	4	envoye	\N
886c8229-38f4-4e6c-8a28-047684bf9461	5df0dd59-c2f6-4075-8d43-c82892209c90	2026-04-06	6c4efa13-53d2-47fb-a8b2-f1c504c31156	2026-04-05 08:06:59.863603	5	envoye	\N
bcae47df-f15e-49e6-80a1-8502300b293f	e2f8c134-2778-45ed-803d-ab40d7db761b	2026-04-06	6c4efa13-53d2-47fb-a8b2-f1c504c31156	2026-04-05 08:07:01.526805	1	envoye	\N
7e410aeb-e02a-49a6-81fe-9c7d58d9d3b6	f8aa0514-4755-40d8-95b7-41eb5df66a2d	2026-04-06	6c4efa13-53d2-47fb-a8b2-f1c504c31156	2026-04-05 08:07:04.044034	1	envoye	\N
\.


--
-- Data for Name: trajets; Type: TABLE DATA; Schema: public; Owner: dispatch_user
--

COPY public.trajets (id, code_trajet, date_trajet, heure_prise, heure_arrivee, type_vehicule, adresse_prise, lat_prise, lng_prise, adresse_arrivee, lat_arrivee, lng_arrivee, code_fixe, statut, notes, cree_le, modifie_le) FROM stdin;
66120496-68be-476f-9c1a-ba8400e27270	TVT0006	2026-04-07	11:55:00	12:50:00	TAXI	5515 Saint-Jacques Montreal H4A	\N	\N	CHUM, 1000 Rue Saint-Denis, Montreal H2X 0C1	\N	\N	\N	en_attente	\N	2026-03-28 14:28:57.524072	2026-03-28 14:28:57.524072
98f8c2f5-ff0b-445a-980a-80f598471fc1	TVT0007	2026-04-07	13:40:00	14:32:00	TAXI	227 du Golf RUE Mont-Saint-Hilaire J3H 5Z8	\N	\N	Hopital Charles-Le Moyne, Greenfield Park J4V 2H1	\N	\N	\N	en_attente	\N	2026-03-28 14:28:57.529043	2026-03-28 14:28:57.529043
b8a8cbbc-0893-4342-92c1-a5d5e4dc19f4	TVT0008	2026-04-07	14:39:00	15:07:00	TAXI	61 De Montbrun RUE Boucherville J4B 5T3	\N	\N	Hopital Maisonneuve-Rosemont, Montreal H1T 2M4	\N	\N	\N	en_attente	\N	2026-03-28 14:28:57.534639	2026-03-28 14:28:57.534639
44e6beaf-131c-4d9e-bf92-959b2e13af5f	TVT0009	2026-04-07	15:45:00	16:29:00	TAXI	1000 Saint-Denis RUE Montreal H2X 0C1	\N	\N	CHUM, 1000 Rue Saint-Denis, Montreal H2X 0C1	\N	\N	\N	en_attente	\N	2026-03-28 14:28:57.539536	2026-03-28 14:28:57.539536
29f5122a-5f44-4073-ac73-27634b16458f	TVT0010	2026-04-07	16:00:00	16:50:00	BERLINE	2100 Boulevard Lapiniere Brossard J4W 2T5	\N	\N	Clinique Rive-Sud, Brossard J4Y 2X2	\N	\N	\N	en_attente	Acces fauteuil roulant	2026-03-28 14:28:57.544785	2026-03-28 14:28:57.544785
93f41b74-1353-4ef2-82ca-7446f7f0c1db	TVT0012	2026-04-07	20:50:00	21:56:00	TAXI	625 Lechasseur RUE Beloeil J3G 3N1	\N	\N	Hopital Charles-Le Moyne, Greenfield Park J4V 2H1	\N	\N	\N	en_attente	\N	2026-03-28 14:28:57.554608	2026-03-28 14:28:57.554608
fd9db4d8-123a-4598-9bc6-344546676ad7	TVT0013	2026-04-07	22:45:00	23:01:00	TAXI	3355 Autoroute Laval H7T 0H4	\N	\N	CHUM, 1000 Rue Saint-Denis, Montreal H2X 0C1	\N	\N	\N	en_attente	\N	2026-03-28 14:28:57.560722	2026-03-28 14:28:57.560722
35612668-179a-49a5-9dba-abefc3686c83	TVT0014	2026-04-08	07:00:00	07:55:00	TAXI	980 Rue Sagard Montreal H2C 2X1	\N	\N	Hopital Maisonneuve-Rosemont, Montreal H1T 2M4	\N	\N	\N	en_attente	\N	2026-03-28 14:28:57.566654	2026-03-28 14:28:57.566654
525d46ac-a9f1-45ba-9ad1-ccbc67cd8670	TVT0017	2026-04-08	10:00:00	10:45:00	TAXI	5515 Saint-Jacques Montreal H4A	\N	\N	CHUM, 1000 Rue Saint-Denis, Montreal H2X 0C1	\N	\N	\N	en_attente	\N	2026-03-28 14:28:57.582439	2026-03-28 14:28:57.582439
b0b8cfcf-0481-4d19-8396-683a8b6feeb9	TVT0018	2026-04-08	11:15:00	12:10:00	TAXI	227 du Golf RUE Mont-Saint-Hilaire J3H 5Z8	\N	\N	Hopital Maisonneuve-Rosemont, Montreal H1T 2M4	\N	\N	\N	en_attente	\N	2026-03-28 14:28:57.586606	2026-03-28 14:28:57.586606
50b4afce-e00e-4e1c-9a9a-965ec241fb88	TVT0020	2026-04-08	13:00:00	14:05:00	BERLINE	2100 Boulevard Lapiniere Brossard J4W 2T5	\N	\N	Hopital du Sacre-Coeur, Montreal H4J 1C5	\N	\N	\N	en_attente	\N	2026-03-28 14:28:57.596455	2026-03-28 14:28:57.596455
aa562392-ba43-4a8e-aa6e-a3cde2e862e4	TVT0022	2026-04-08	15:00:00	15:50:00	TAXI	1730 Eiffel RUE Boucherville J4B 7W1	\N	\N	CHUM, 1000 Rue Saint-Denis, Montreal H2X 0C1	\N	\N	\N	en_attente	\N	2026-03-28 14:28:57.608275	2026-03-28 14:28:57.608275
9fe07167-b1a4-41f9-90cc-53dff4ead4c5	TVT0024	2026-04-08	19:00:00	19:55:00	TAXI	1000 Saint-Denis RUE Montreal H2X 0C1	\N	\N	Clinique Rive-Sud, Brossard J4Y 2X2	\N	\N	\N	en_attente	\N	2026-03-28 14:28:57.620889	2026-03-28 14:28:57.620889
62df5aa9-32bf-4204-85d6-e99c5b61e406	TVT0025	2026-04-08	21:30:00	22:15:00	BERLINE	1730 Eiffel RUE Boucherville J4B 7W1	\N	\N	Hopital Charles-Le Moyne, Greenfield Park J4V 2H1	\N	\N	\N	en_attente	Acces fauteuil roulant	2026-03-28 14:28:57.625901	2026-03-28 14:28:57.625901
aec35e52-30ce-4096-99a9-aebdde8bcc20	TVT0001	2026-04-06	07:15:00	08:12:00	TAXI	1800 Henri-Blaquiere RUE Chambly J3L 3E9	\N	\N	Hopital Charles-Le Moyne, Greenfield Park J4V 2H1	\N	\N	\N	en_attente	\N	2026-03-28 14:28:57.224772	2026-03-28 14:28:57.224772
00e9c789-34c9-458e-80ef-763a26b85ce6	TVT0015	2026-04-06	08:00:00	09:10:00	BERLINE	3355 Autoroute Laval H7T 0H4	\N	\N	Hopital du Sacre-Coeur, Montreal H4J 1C5	\N	\N	\N	en_attente	Acces fauteuil roulant	2026-03-28 14:28:57.57242	2026-03-28 14:28:57.57242
62ea64fc-4cf6-498d-8335-7c408d00f63e	TVT0002	2026-04-06	08:30:00	09:15:00	TAXI	1000 Saint-Denis RUE Montreal H2X 0C1	\N	\N	CHUM, 1000 Rue Saint-Denis, Montreal H2X 0C1	\N	\N	\N	en_attente	\N	2026-03-28 14:28:57.465054	2026-03-28 14:28:57.465054
5947135f-7838-4406-862c-f0fd958a8e01	TVT0003	2026-04-06	09:00:00	10:05:00	BERLINE	730 Abbe-Theoret AV Sainte-Julie J3E 0E1	\N	\N	Hopital Maisonneuve-Rosemont, Montreal H1T 2M4	\N	\N	\N	en_attente	Acces fauteuil roulant	2026-03-28 14:28:57.508266	2026-03-28 14:28:57.508266
421dc1d0-a9f6-4468-b22e-c48e422ddd0e	TVT0016	2026-04-06	09:30:00	10:25:00	TAXI	730 Abbe-Theoret AV Sainte-Julie J3E 0E1	\N	\N	Hopital Charles-Le Moyne, Greenfield Park J4V 2H1	\N	\N	\N	en_attente	\N	2026-03-28 14:28:57.577423	2026-03-28 14:28:57.577423
bac8a5c8-1751-4297-9b6e-4dfda8e8d3a3	TVT0004	2026-04-06	10:30:00	11:20:00	TAXI	1800 Henri-Blaquiere RUE Chambly J3L 3E9	\N	\N	Hopital du Sacre-Coeur, Montreal H4J 1C5	\N	\N	\N	en_attente	\N	2026-03-28 14:28:57.513583	2026-03-28 14:28:57.513583
3aeff0a5-5387-4502-9c10-d57214e54552	TVT0005	2026-04-06	11:00:00	11:55:00	TAXI	1730 Eiffel RUE Boucherville J4B 7W1	\N	\N	Clinique Rive-Sud, Brossard J4Y 2X2	\N	\N	\N	en_attente	\N	2026-03-28 14:28:57.51917	2026-03-28 14:28:57.51917
e678fbb9-8e0f-4577-8d1d-2f46a76766c7	TVT0019	2026-04-06	12:30:00	13:20:00	TAXI	625 Lechasseur RUE Beloeil J3G 3N1	\N	\N	Clinique Rive-Sud, Brossard J4Y 2X2	\N	\N	\N	en_attente	\N	2026-03-28 14:28:57.59169	2026-03-28 14:28:57.59169
14777f0c-d9fc-43ab-81f6-f8c3e39d1148	TVT0021	2026-04-06	14:30:00	15:15:00	TAXI	1800 Henri-Blaquiere RUE Chambly J3L 3E9	\N	\N	Hopital Charles-Le Moyne, Greenfield Park J4V 2H1	\N	\N	\N	en_attente	\N	2026-03-28 14:28:57.600984	2026-03-28 14:28:57.600984
8b210efc-19d4-45ce-bf4a-3c112469b1df	TVT0023	2026-04-06	16:30:00	17:25:00	TAXI	227 du Golf RUE Mont-Saint-Hilaire J3H 5Z8	\N	\N	Hopital Maisonneuve-Rosemont, Montreal H1T 2M4	\N	\N	\N	en_attente	\N	2026-03-28 14:28:57.615312	2026-03-28 14:28:57.615312
c6ec89a0-a7ba-491a-96d5-c1b99646ec1a	TVT0011	2026-04-06	17:30:00	18:20:00	TAXI	980 Rue Sagard Montreal H2C 2X1	\N	\N	Hopital du Sacre-Coeur, Montreal H4J 1C5	\N	\N	\N	en_attente	\N	2026-03-28 14:28:57.549774	2026-03-28 14:28:57.549774
\.


--
-- Name: affectations affectations_pkey; Type: CONSTRAINT; Schema: public; Owner: dispatch_user
--

ALTER TABLE ONLY public.affectations
    ADD CONSTRAINT affectations_pkey PRIMARY KEY (id);


--
-- Name: affectations affectations_trajet_id_date_programme_key; Type: CONSTRAINT; Schema: public; Owner: dispatch_user
--

ALTER TABLE ONLY public.affectations
    ADD CONSTRAINT affectations_trajet_id_date_programme_key UNIQUE (trajet_id, date_programme);


--
-- Name: chauffeurs chauffeurs_numero_chauffeur_key; Type: CONSTRAINT; Schema: public; Owner: dispatch_user
--

ALTER TABLE ONLY public.chauffeurs
    ADD CONSTRAINT chauffeurs_numero_chauffeur_key UNIQUE (numero_chauffeur);


--
-- Name: chauffeurs chauffeurs_pkey; Type: CONSTRAINT; Schema: public; Owner: dispatch_user
--

ALTER TABLE ONLY public.chauffeurs
    ADD CONSTRAINT chauffeurs_pkey PRIMARY KEY (id);


--
-- Name: disponibilites disponibilites_chauffeur_id_date_dispo_heure_debut_key; Type: CONSTRAINT; Schema: public; Owner: dispatch_user
--

ALTER TABLE ONLY public.disponibilites
    ADD CONSTRAINT disponibilites_chauffeur_id_date_dispo_heure_debut_key UNIQUE (chauffeur_id, date_dispo, heure_debut);


--
-- Name: disponibilites disponibilites_pkey; Type: CONSTRAINT; Schema: public; Owner: dispatch_user
--

ALTER TABLE ONLY public.disponibilites
    ADD CONSTRAINT disponibilites_pkey PRIMARY KEY (id);


--
-- Name: envois_email envois_email_pkey; Type: CONSTRAINT; Schema: public; Owner: dispatch_user
--

ALTER TABLE ONLY public.envois_email
    ADD CONSTRAINT envois_email_pkey PRIMARY KEY (id);


--
-- Name: trajets trajets_code_trajet_key; Type: CONSTRAINT; Schema: public; Owner: dispatch_user
--

ALTER TABLE ONLY public.trajets
    ADD CONSTRAINT trajets_code_trajet_key UNIQUE (code_trajet);


--
-- Name: trajets trajets_pkey; Type: CONSTRAINT; Schema: public; Owner: dispatch_user
--

ALTER TABLE ONLY public.trajets
    ADD CONSTRAINT trajets_pkey PRIMARY KEY (id);


--
-- Name: idx_affectations_chauf; Type: INDEX; Schema: public; Owner: dispatch_user
--

CREATE INDEX idx_affectations_chauf ON public.affectations USING btree (chauffeur_id);


--
-- Name: idx_affectations_date; Type: INDEX; Schema: public; Owner: dispatch_user
--

CREATE INDEX idx_affectations_date ON public.affectations USING btree (date_programme);


--
-- Name: idx_disponibilites_chauf; Type: INDEX; Schema: public; Owner: dispatch_user
--

CREATE INDEX idx_disponibilites_chauf ON public.disponibilites USING btree (chauffeur_id);


--
-- Name: idx_disponibilites_date; Type: INDEX; Schema: public; Owner: dispatch_user
--

CREATE INDEX idx_disponibilites_date ON public.disponibilites USING btree (date_dispo);


--
-- Name: idx_trajets_date; Type: INDEX; Schema: public; Owner: dispatch_user
--

CREATE INDEX idx_trajets_date ON public.trajets USING btree (date_trajet);


--
-- Name: affectations affectations_chauffeur_id_fkey; Type: FK CONSTRAINT; Schema: public; Owner: dispatch_user
--

ALTER TABLE ONLY public.affectations
    ADD CONSTRAINT affectations_chauffeur_id_fkey FOREIGN KEY (chauffeur_id) REFERENCES public.chauffeurs(id) ON DELETE CASCADE;


--
-- Name: affectations affectations_modifiee_par_fkey; Type: FK CONSTRAINT; Schema: public; Owner: dispatch_user
--

ALTER TABLE ONLY public.affectations
    ADD CONSTRAINT affectations_modifiee_par_fkey FOREIGN KEY (modifiee_par) REFERENCES public.chauffeurs(id);


--
-- Name: affectations affectations_trajet_id_fkey; Type: FK CONSTRAINT; Schema: public; Owner: dispatch_user
--

ALTER TABLE ONLY public.affectations
    ADD CONSTRAINT affectations_trajet_id_fkey FOREIGN KEY (trajet_id) REFERENCES public.trajets(id) ON DELETE CASCADE;


--
-- Name: disponibilites disponibilites_chauffeur_id_fkey; Type: FK CONSTRAINT; Schema: public; Owner: dispatch_user
--

ALTER TABLE ONLY public.disponibilites
    ADD CONSTRAINT disponibilites_chauffeur_id_fkey FOREIGN KEY (chauffeur_id) REFERENCES public.chauffeurs(id) ON DELETE CASCADE;


--
-- Name: envois_email envois_email_chauffeur_id_fkey; Type: FK CONSTRAINT; Schema: public; Owner: dispatch_user
--

ALTER TABLE ONLY public.envois_email
    ADD CONSTRAINT envois_email_chauffeur_id_fkey FOREIGN KEY (chauffeur_id) REFERENCES public.chauffeurs(id);


--
-- Name: envois_email envois_email_envoye_par_fkey; Type: FK CONSTRAINT; Schema: public; Owner: dispatch_user
--

ALTER TABLE ONLY public.envois_email
    ADD CONSTRAINT envois_email_envoye_par_fkey FOREIGN KEY (envoye_par) REFERENCES public.chauffeurs(id);


--
-- Name: SCHEMA public; Type: ACL; Schema: -; Owner: pg_database_owner
--

GRANT ALL ON SCHEMA public TO dispatch_user;


--
-- PostgreSQL database dump complete
--

\unrestrict F8RlI0Cs6gE7EWgVzUmNNJfhpusgzxMU2COGh2d9Fyce2vAnnmgBvvlLQHEbBtu

