--
-- PostgreSQL database dump
--

\restrict 8cUqsxBWODTyT3NZ7qVCgui6375Nt4QMYokgw367oXeD9VTaKVghv4dtuUhpGT4

-- Dumped from database version 16.13 (Ubuntu 16.13-0ubuntu0.24.04.1)
-- Dumped by pg_dump version 16.13 (Ubuntu 16.13-0ubuntu0.24.04.1)

SET statement_timeout = 0;
SET lock_timeout = 0;
SET idle_in_transaction_session_timeout = 0;
SET client_encoding = 'UTF8';
SET standard_conforming_strings = on;
SELECT pg_catalog.set_config('search_path', '', false);
SET check_function_bodies = false;
SET xmloption = content;
SET client_min_messages = warning;
SET row_security = off;

--
-- Name: uuid-ossp; Type: EXTENSION; Schema: -; Owner: -
--

CREATE EXTENSION IF NOT EXISTS "uuid-ossp" WITH SCHEMA public;


--
-- Name: EXTENSION "uuid-ossp"; Type: COMMENT; Schema: -; Owner: 
--

COMMENT ON EXTENSION "uuid-ossp" IS 'generate universally unique identifiers (UUIDs)';


SET default_tablespace = '';

SET default_table_access_method = heap;

--
-- Name: affectations; Type: TABLE; Schema: public; Owner: dispatch_user
--

CREATE TABLE public.affectations (
    id uuid DEFAULT public.uuid_generate_v4() NOT NULL,
    trajet_id uuid NOT NULL,
    chauffeur_id uuid NOT NULL,
    date_programme date NOT NULL,
    proposee_par character varying(20) DEFAULT 'systeme'::character varying,
    modifiee_par uuid,
    statut character varying(20) DEFAULT 'proposee'::character varying,
    email_envoye_le timestamp without time zone,
    notes_dispatch text,
    cree_le timestamp without time zone DEFAULT now(),
    modifie_le timestamp without time zone DEFAULT now()
);


ALTER TABLE public.affectations OWNER TO dispatch_user;

--
-- Name: chauffeurs; Type: TABLE; Schema: public; Owner: dispatch_user
--

CREATE TABLE public.chauffeurs (
    id uuid DEFAULT public.uuid_generate_v4() NOT NULL,
    numero_chauffeur character varying(10) NOT NULL,
    nom character varying(100) NOT NULL,
    prenom character varying(100) NOT NULL,
    email character varying(255) NOT NULL,
    telephone character varying(20),
    adresse_domicile text NOT NULL,
    lat_domicile numeric(10,7),
    lng_domicile numeric(10,7),
    type_vehicule character varying(50) DEFAULT 'TAXI'::character varying,
    actif boolean DEFAULT true,
    mot_de_passe_hash text NOT NULL,
    role character varying(20) DEFAULT 'chauffeur'::character varying,
    cree_le timestamp without time zone DEFAULT now(),
    modifie_le timestamp without time zone DEFAULT now()
);


ALTER TABLE public.chauffeurs OWNER TO dispatch_user;

--
-- Name: disponibilites; Type: TABLE; Schema: public; Owner: dispatch_user
--

CREATE TABLE public.disponibilites (
    id uuid DEFAULT public.uuid_generate_v4() NOT NULL,
    chauffeur_id uuid NOT NULL,
    date_dispo date NOT NULL,
    heure_debut time without time zone NOT NULL,
    heure_fin time without time zone NOT NULL,
    soumis_le timestamp without time zone DEFAULT now(),
    modifie_le timestamp without time zone DEFAULT now(),
    note_journee text
);


ALTER TABLE public.disponibilites OWNER TO dispatch_user;

--
-- Name: envois_email; Type: TABLE; Schema: public; Owner: dispatch_user
--

CREATE TABLE public.envois_email (
    id uuid DEFAULT public.uuid_generate_v4() NOT NULL,
    chauffeur_id uuid NOT NULL,
    date_programme date NOT NULL,
    envoye_par uuid,
    envoye_le timestamp without time zone DEFAULT now(),
    nb_trajets integer,
    statut_envoi character varying(20) DEFAULT 'envoye'::character varying,
    erreur text
);


ALTER TABLE public.envois_email OWNER TO dispatch_user;

--
-- Name: trajets; Type: TABLE; Schema: public; Owner: dispatch_user
--

CREATE TABLE public.trajets (
    id uuid DEFAULT public.uuid_generate_v4() NOT NULL,
    code_trajet character varying(20) NOT NULL,
    date_trajet date NOT NULL,
    heure_prise time without time zone NOT NULL,
    heure_arrivee time without time zone NOT NULL,
    type_vehicule character varying(50) DEFAULT 'TAXI'::character varying,
    adresse_prise text NOT NULL,
    lat_prise numeric(10,7),
    lng_prise numeric(10,7),
    adresse_arrivee text,
    lat_arrivee numeric(10,7),
    lng_arrivee numeric(10,7),
    code_fixe character varying(20),
    statut character varying(20) DEFAULT 'en_attente'::character varying,
    notes text,
    cree_le timestamp without time zone DEFAULT now(),
    modifie_le timestamp without time zone DEFAULT now()
);


ALTER TABLE public.trajets OWNER TO dispatch_user;

--
-- Data for Name: affectations; Type: TABLE DATA; Schema: public; Owner: dispatch_user
--

COPY public.affectations (id, trajet_id, chauffeur_id, date_programme, proposee_par, modifiee_par, statut, email_envoye_le, notes_dispatch, cree_le, modifie_le) FROM stdin;
b88a4109-0179-4c2b-b6dc-81ba4600ea9a	35612668-179a-49a5-9dba-abefc3686c83	2fb8af64-bf43-46d3-9053-5fd673a68c2a	2026-04-08	systeme	\N	envoyee	2026-04-10 14:13:39.908065	\N	2026-04-10 14:11:49.657257	2026-04-10 14:11:49.657257
c2630925-a128-4789-9ce2-984c4c3fefce	aa562392-ba43-4a8e-aa6e-a3cde2e862e4	2fb8af64-bf43-46d3-9053-5fd673a68c2a	2026-04-08	systeme	\N	envoyee	2026-04-10 14:13:39.908065	\N	2026-04-10 14:11:49.683701	2026-04-10 14:11:49.683701
b2e3ea1a-de41-409a-90f2-eb7a8575735b	525d46ac-a9f1-45ba-9ad1-ccbc67cd8670	88e6f06f-a598-4a10-aa21-b4d0f4e2aa9d	2026-04-08	systeme	\N	envoyee	2026-04-10 14:13:42.010331	\N	2026-04-10 14:11:49.671062	2026-04-10 14:11:49.671062
b7d6e74f-5cde-4bc6-9eca-57dfa4354ae8	b0b8cfcf-0481-4d19-8396-683a8b6feeb9	f8aa0514-4755-40d8-95b7-41eb5df66a2d	2026-04-08	dispatch	\N	envoyee	2026-04-10 14:13:46.120977	\N	2026-04-10 14:11:49.675688	2026-04-10 14:12:09.868155
94d87a4f-4b47-4634-8e44-15e360c31caa	9fe07167-b1a4-41f9-90cc-53dff4ead4c5	fd4bc826-7b37-476f-be0f-a00dc64fc4ae	2026-04-08	systeme	\N	envoyee	2026-04-10 14:13:48.755776	\N	2026-04-10 14:11:49.688857	2026-04-10 14:11:49.688857
6dfeefdb-114c-4f69-bc93-fa1f28706fc9	62df5aa9-32bf-4204-85d6-e99c5b61e406	fd4bc826-7b37-476f-be0f-a00dc64fc4ae	2026-04-08	systeme	\N	envoyee	2026-04-10 14:13:48.755776	\N	2026-04-10 14:11:49.692966	2026-04-10 14:11:49.692966
6fa49dcf-c50a-4be7-b6cf-d30231c162f6	00e9c789-34c9-458e-80ef-763a26b85ce6	e2f8c134-2778-45ed-803d-ab40d7db761b	2026-04-07	systeme	\N	proposee	\N	\N	2026-04-07 00:15:31.795841	2026-04-07 00:15:31.795841
a3943e3b-5b8a-4a1c-8ed1-9546c233cc26	62ea64fc-4cf6-498d-8335-7c408d00f63e	2fb8af64-bf43-46d3-9053-5fd673a68c2a	2026-04-07	systeme	\N	proposee	\N	\N	2026-04-07 00:15:31.801224	2026-04-07 00:15:31.801224
77b0d852-5dab-41ab-aaba-bf2bfcca46e7	5947135f-7838-4406-862c-f0fd958a8e01	fd4bc826-7b37-476f-be0f-a00dc64fc4ae	2026-04-07	systeme	\N	proposee	\N	\N	2026-04-07 00:15:31.807783	2026-04-07 00:15:31.807783
6e6edbc8-55f1-448b-9c1e-4e9fc479f56e	421dc1d0-a9f6-4468-b22e-c48e422ddd0e	2fb8af64-bf43-46d3-9053-5fd673a68c2a	2026-04-07	systeme	\N	proposee	\N	\N	2026-04-07 00:15:31.814188	2026-04-07 00:15:31.814188
8f0bfe5b-3530-47a0-9879-e14d3570321d	bac8a5c8-1751-4297-9b6e-4dfda8e8d3a3	2fb8af64-bf43-46d3-9053-5fd673a68c2a	2026-04-07	systeme	\N	proposee	\N	\N	2026-04-07 00:15:31.819814	2026-04-07 00:15:31.819814
4faa1b40-af2c-4a86-85f8-4755ffbcda45	3aeff0a5-5387-4502-9c10-d57214e54552	5df0dd59-c2f6-4075-8d43-c82892209c90	2026-04-07	systeme	\N	proposee	\N	\N	2026-04-07 00:15:31.825999	2026-04-07 00:15:31.825999
99269dd0-eb21-436d-880d-ce626f1acbf2	e678fbb9-8e0f-4577-8d1d-2f46a76766c7	2fb8af64-bf43-46d3-9053-5fd673a68c2a	2026-04-07	systeme	\N	proposee	\N	\N	2026-04-07 00:15:31.833577	2026-04-07 00:15:31.833577
99b60f55-02a2-447a-8296-8b08c7c290f1	14777f0c-d9fc-43ab-81f6-f8c3e39d1148	2fb8af64-bf43-46d3-9053-5fd673a68c2a	2026-04-07	systeme	\N	proposee	\N	\N	2026-04-07 00:15:31.841199	2026-04-07 00:15:31.841199
c889d0c8-4e3d-45ea-b0e8-650a54785e43	8b210efc-19d4-45ce-bf4a-3c112469b1df	2fb8af64-bf43-46d3-9053-5fd673a68c2a	2026-04-07	systeme	\N	proposee	\N	\N	2026-04-07 00:15:31.848579	2026-04-07 00:15:31.848579
a17b62ac-7d9e-475c-a6ea-20e249ffd89e	c6ec89a0-a7ba-491a-96d5-c1b99646ec1a	2fb8af64-bf43-46d3-9053-5fd673a68c2a	2026-04-07	systeme	\N	proposee	\N	\N	2026-04-07 00:15:31.855573	2026-04-07 00:15:31.855573
50080a45-aede-4c35-a378-b243a2c21043	aec35e52-30ce-4096-99a9-aebdde8bcc20	f8aa0514-4755-40d8-95b7-41eb5df66a2d	2026-04-07	dispatch	\N	proposee	\N	\N	2026-04-07 00:15:40.289128	2026-04-07 00:15:40.289128
b9e4e635-d4e6-4706-bf99-b430526b854b	50b4afce-e00e-4e1c-9a9a-965ec241fb88	ac57e90e-f690-4506-9246-12b2896daf12	2026-04-08	dispatch	\N	envoyee	2026-04-10 14:13:43.802741	\N	2026-04-10 14:12:26.468468	2026-04-10 14:12:26.468468
\.


--
-- Data for Name: chauffeurs; Type: TABLE DATA; Schema: public; Owner: dispatch_user
--

COPY public.chauffeurs (id, numero_chauffeur, nom, prenom, email, telephone, adresse_domicile, lat_domicile, lng_domicile, type_vehicule, actif, mot_de_passe_hash, role, cree_le, modifie_le) FROM stdin;
6c4efa13-53d2-47fb-a8b2-f1c504c31156	000	Admin	Dispatch	tadilihatim+000@gmail.com	\N	500 Boul. Cremazie Est, Montreal	\N	\N	TAXI	t	$2a$10$mgj6s1nF7dUOUYCzqZePBunudLccor0x8N4U4vrKbUl64xspfkCKO	dispatch	2026-03-28 14:25:13.059415	2026-03-28 14:25:13.059415
f8aa0514-4755-40d8-95b7-41eb5df66a2d	009	Tadili	Hatim	tadilihatim+009@gmail.com	514-384-1830	500 Boul. Cremazie Est, Montreal H2P 1E7	\N	\N	TAXI	t	$2a$10$xKv8JrmZGr98n49Uz4Bq7eMxHLhXsxTblrXCZKisj7oMMMOow8eg2	chauffeur	2026-03-28 14:27:28.025683	2026-03-28 14:27:28.025683
2fb8af64-bf43-46d3-9053-5fd673a68c2a	012	Dubois	Marc	tadilihatim+012@gmail.com	514-555-0012	227 Rue Principale, Longueuil J4H 1A1	\N	\N	TAXI	t	$2a$10$i6xcNDj0BpZ/6jEODP.czeNZsrcPYCK0Tf04my3s80CTicuYqZYPi	chauffeur	2026-03-28 14:27:28.471365	2026-03-28 14:27:28.471365
fd4bc826-7b37-476f-be0f-a00dc64fc4ae	015	Tremblay	Sophie	tadilihatim+015@gmail.com	514-555-0015	1800 Henri-Blaquiere, Chambly J3L 3E9	\N	\N	BERLINE	t	$2a$10$zPehZEUcG4DeKMLPh5Rvy.sl7aDqXXvk7i8bX.xA7yK/y8GAtw5Qm	chauffeur	2026-03-28 14:27:28.588547	2026-03-28 14:27:28.588547
88e6f06f-a598-4a10-aa21-b4d0f4e2aa9d	021	Gagnon	Pierre	tadilihatim+021@gmail.com	514-555-0021	730 Abbe-Theoret, Sainte-Julie J3E 0E1	\N	\N	TAXI	t	$2a$10$HGZDnLypnYAlxjThrZj6e.jFjQWXVEf8lDUmSlnxX7M/qINqD.zfW	chauffeur	2026-03-28 14:27:28.708134	2026-03-28 14:27:28.708134
ac57e90e-f690-4506-9246-12b2896daf12	034	Roy	Marie	tadilihatim+034@gmail.com	514-555-0034	61 De Montbrun, Boucherville J4B 5T3	\N	\N	TAXI	t	$2a$10$YMmId23ojBj9DX0HdHt37uf94OGa.OCkN4Lx72Shvh91IVNe6HT9m	chauffeur	2026-03-28 14:27:28.847849	2026-03-28 14:27:28.847849
5df0dd59-c2f6-4075-8d43-c82892209c90	041	Belanger	Luc	tadilihatim+041@gmail.com	514-555-0041	3355 Autoroute, Laval H7T 0H4	\N	\N	TAXI	t	$2a$10$A062LRGXNQmXZ5IFdcH/e.i7k5gPybt9jkljU9JlbD8XVGlRgtAgC	chauffeur	2026-03-28 14:27:28.98232	2026-03-28 14:27:28.98232
e2f8c134-2778-45ed-803d-ab40d7db761b	055	Cote	Julie	tadilihatim+055@gmail.com	514-555-0055	2100 Boul. Lapiniere, Brossard J4W 2T5	\N	\N	BERLINE	t	$2a$10$S/yLgInf/MNQc9j3bS.5VedAK0DSKvRiG4zCr.knkC2.z.Kesytxu	chauffeur	2026-03-28 14:27:29.115067	2026-03-28 14:27:29.115067
\.


--
-- Data for Name: disponibilites; Type: TABLE DATA; Schema: public; Owner: dispatch_user
--

COPY public.disponibilites (id, chauffeur_id, date_dispo, heure_debut, heure_fin, soumis_le, modifie_le, note_journee) FROM stdin;
dd84251e-2097-4d66-b6e6-e9fc702cf5ad	5df0dd59-c2f6-4075-8d43-c82892209c90	2026-04-07	06:00:00	23:59:00	2026-03-28 14:30:23.835462	2026-03-28 14:30:23.835462	\N
66fa6ad3-777c-495e-ad36-d53a5519fc21	e2f8c134-2778-45ed-803d-ab40d7db761b	2026-04-07	06:00:00	23:59:00	2026-03-28 14:30:23.839381	2026-03-28 14:30:23.839381	\N
edc3907f-f890-4583-a9e4-41a9ee9b728a	f8aa0514-4755-40d8-95b7-41eb5df66a2d	2026-04-07	06:00:00	09:00:00	2026-03-29 09:28:40.390334	2026-03-29 09:28:40.390334	\N
d707437c-c282-4185-8de9-d94f80479b60	f8aa0514-4755-40d8-95b7-41eb5df66a2d	2026-04-07	11:00:00	14:00:00	2026-03-29 09:28:40.415972	2026-03-29 09:28:40.415972	\N
1a649a2b-3d57-418f-a421-24ceff55ecd9	f8aa0514-4755-40d8-95b7-41eb5df66a2d	2026-04-07	17:00:00	22:00:00	2026-03-29 09:28:40.440841	2026-03-29 09:28:40.440841	\N
4fdc612c-d42d-4c08-9585-7c82fae25bce	f8aa0514-4755-40d8-95b7-41eb5df66a2d	2026-03-30	09:00:00	12:00:00	2026-03-29 09:46:29.813137	2026-03-29 09:46:29.813137	\N
7bf4d65c-2d93-472c-a24a-ef2461675647	f8aa0514-4755-40d8-95b7-41eb5df66a2d	2026-04-01	12:00:00	16:00:00	2026-03-29 09:46:29.848295	2026-03-29 09:46:29.848295	\N
34fc3df4-6c0a-4375-814e-b2f782640b39	f8aa0514-4755-40d8-95b7-41eb5df66a2d	2026-04-03	08:00:00	11:00:00	2026-03-29 09:46:29.873832	2026-03-29 09:46:29.873832	\N
3fb46958-275c-47aa-8e9e-3250cb6b493b	f8aa0514-4755-40d8-95b7-41eb5df66a2d	2026-04-04	13:00:00	18:00:00	2026-03-29 09:46:29.900193	2026-03-29 09:46:29.900193	\N
3cddd75b-c9c2-49c0-9a33-3692bc4510fd	f8aa0514-4755-40d8-95b7-41eb5df66a2d	2026-04-05	10:00:00	12:00:00	2026-03-29 09:46:29.923821	2026-03-29 09:46:29.923821	\N
b6d04df1-bd1c-4a03-9d02-78cbff0d3784	2fb8af64-bf43-46d3-9053-5fd673a68c2a	2026-04-07	06:00:00	23:00:00	2026-03-29 16:10:45.600177	2026-03-29 16:10:45.600177	\N
e9cbdc4b-6d1a-4d50-bf18-7444752583e1	2fb8af64-bf43-46d3-9053-5fd673a68c2a	2026-04-08	06:00:00	10:00:00	2026-03-29 16:10:45.649941	2026-03-29 16:10:45.649941	\N
9931f3c6-2857-4e1d-9826-460a33513480	2fb8af64-bf43-46d3-9053-5fd673a68c2a	2026-04-08	13:00:00	19:00:00	2026-03-29 16:10:45.694145	2026-03-29 16:10:45.694145	\N
97d6eaf6-fd6e-44c8-ba80-af12c6d0ca3f	fd4bc826-7b37-476f-be0f-a00dc64fc4ae	2026-04-07	06:00:00	23:00:00	2026-03-29 16:22:26.368319	2026-03-29 16:22:26.368319	\N
716fe207-d37a-4c8e-aa68-a6f7161c1293	fd4bc826-7b37-476f-be0f-a00dc64fc4ae	2026-04-08	06:00:00	13:00:00	2026-03-29 16:22:26.414865	2026-03-29 16:22:26.414865	\N
33dfbe75-4ae2-4597-9106-6eade9c3ceb8	fd4bc826-7b37-476f-be0f-a00dc64fc4ae	2026-04-08	17:00:00	23:00:00	2026-03-29 16:22:26.451868	2026-03-29 16:22:26.451868	\N
92c3ed30-3a3b-428f-83ec-c19901b72196	88e6f06f-a598-4a10-aa21-b4d0f4e2aa9d	2026-04-07	06:00:00	23:00:00	2026-03-29 16:23:09.660252	2026-03-29 16:23:09.660252	\N
b5e52675-a9ad-4425-98a0-1fe174a9847e	88e6f06f-a598-4a10-aa21-b4d0f4e2aa9d	2026-04-08	10:00:00	14:00:00	2026-03-29 16:23:09.717971	2026-03-29 16:23:09.717971	\N
e2c1c906-3d51-4726-838d-fcaf1af055ca	88e6f06f-a598-4a10-aa21-b4d0f4e2aa9d	2026-04-08	17:00:00	18:00:00	2026-03-29 16:23:09.753197	2026-03-29 16:23:09.753197	\N
127753e2-15c6-47ef-af40-ca96c5d3e6ef	88e6f06f-a598-4a10-aa21-b4d0f4e2aa9d	2026-04-08	20:00:00	21:00:00	2026-03-29 16:23:09.789355	2026-03-29 16:23:09.789355	\N
182f45a8-d20e-4afb-939a-7accac34c851	ac57e90e-f690-4506-9246-12b2896daf12	2026-04-07	06:00:00	23:00:00	2026-03-29 16:23:38.669053	2026-03-29 16:23:38.669053	\N
9d997049-22c9-47ff-b48e-bb9242b9971b	ac57e90e-f690-4506-9246-12b2896daf12	2026-04-08	12:00:00	15:00:00	2026-03-29 16:23:38.713563	2026-03-29 16:23:38.713563	\N
48078578-1c3c-4f0c-8847-0bcf6308ae47	ac57e90e-f690-4506-9246-12b2896daf12	2026-04-08	17:00:00	19:00:00	2026-03-29 16:23:38.749875	2026-03-29 16:23:38.749875	\N
73cb99fa-948d-40d1-869d-413c7d19d2b5	f8aa0514-4755-40d8-95b7-41eb5df66a2d	2026-04-07	07:00:00	09:00:00	2026-04-06 09:59:06.634544	2026-04-06 09:59:06.634544	\N
843574c8-ba56-46bd-af66-cdd488b93fee	f8aa0514-4755-40d8-95b7-41eb5df66a2d	2026-04-07	10:00:00	12:00:00	2026-04-06 09:59:06.66737	2026-04-06 09:59:06.66737	\N
bb8d416f-d566-4419-b05f-0803b7793a86	f8aa0514-4755-40d8-95b7-41eb5df66a2d	2026-04-07	16:00:00	20:00:00	2026-04-06 09:59:06.697161	2026-04-06 09:59:06.697161	\N
712580b0-eee3-43a2-90dc-41248eec9cbb	f8aa0514-4755-40d8-95b7-41eb5df66a2d	2026-04-09	07:00:00	09:00:00	2026-04-06 09:59:06.850987	2026-04-06 09:59:06.850987	\N
f2fe4e02-fc26-445b-998d-0c126b52900e	f8aa0514-4755-40d8-95b7-41eb5df66a2d	2026-04-09	14:00:00	21:00:00	2026-04-06 09:59:06.880053	2026-04-06 09:59:06.880053	\N
af19b8a8-5673-4c31-8047-45b6693aeba0	f8aa0514-4755-40d8-95b7-41eb5df66a2d	2026-04-10	07:00:00	09:00:00	2026-04-06 09:59:06.940184	2026-04-06 09:59:06.940184	\N
e2548bd9-285f-4217-bced-42d812db8f53	f8aa0514-4755-40d8-95b7-41eb5df66a2d	2026-04-11	07:00:00	09:00:00	2026-04-06 09:59:07.025717	2026-04-06 09:59:07.025717	\N
b6a29d96-0fe1-498b-a1b3-95c596e7db6c	f8aa0514-4755-40d8-95b7-41eb5df66a2d	2026-04-08	09:00:00	10:00:00	2026-04-07 00:02:50.300159	2026-04-07 00:02:50.300159	Test de note
971e7ad5-2396-49de-9995-6b9c08a5b3dc	f8aa0514-4755-40d8-95b7-41eb5df66a2d	2026-04-08	11:00:00	13:00:00	2026-04-07 00:02:50.457272	2026-04-07 00:02:50.457272	Test de note
cca6c632-3734-433b-a1d8-3bc3a08daa80	f8aa0514-4755-40d8-95b7-41eb5df66a2d	2026-04-08	17:00:00	19:00:00	2026-04-07 00:02:50.538373	2026-04-07 00:02:50.538373	Test de note
1cebd4e2-de67-4eb9-a83b-7e5dd1a77205	f8aa0514-4755-40d8-95b7-41eb5df66a2d	2026-04-08	20:00:00	22:00:00	2026-04-07 00:02:50.604784	2026-04-07 00:02:50.604784	Test de note
\.


--
-- Data for Name: envois_email; Type: TABLE DATA; Schema: public; Owner: dispatch_user
--

COPY public.envois_email (id, chauffeur_id, date_programme, envoye_par, envoye_le, nb_trajets, statut_envoi, erreur) FROM stdin;
c6b05c78-60d0-433f-a634-c5784f37deaa	2fb8af64-bf43-46d3-9053-5fd673a68c2a	2026-04-08	6c4efa13-53d2-47fb-a8b2-f1c504c31156	2026-03-30 07:48:07.540088	3	envoye	\N
d09ee447-d544-4634-b0fe-4c1ef0f528dc	5df0dd59-c2f6-4075-8d43-c82892209c90	2026-04-08	6c4efa13-53d2-47fb-a8b2-f1c504c31156	2026-03-30 07:48:09.491992	1	envoye	\N
384d4183-d547-452d-941f-2784a75ffbcb	88e6f06f-a598-4a10-aa21-b4d0f4e2aa9d	2026-04-08	6c4efa13-53d2-47fb-a8b2-f1c504c31156	2026-03-30 07:48:11.44952	3	envoye	\N
1b58c35f-f7a1-40f7-b486-116ea06425c9	e2f8c134-2778-45ed-803d-ab40d7db761b	2026-04-08	6c4efa13-53d2-47fb-a8b2-f1c504c31156	2026-03-30 07:48:13.987251	1	envoye	\N
c8b77c8c-cc1d-4a16-904c-d753c81b837a	f8aa0514-4755-40d8-95b7-41eb5df66a2d	2026-04-08	6c4efa13-53d2-47fb-a8b2-f1c504c31156	2026-03-30 07:48:16.966746	1	envoye	\N
bd181dc1-d56e-47d0-bafe-1167be38d3ad	fd4bc826-7b37-476f-be0f-a00dc64fc4ae	2026-04-08	6c4efa13-53d2-47fb-a8b2-f1c504c31156	2026-03-30 07:48:19.515615	3	envoye	\N
921f91c8-03bb-40eb-a135-b386206e53a9	2fb8af64-bf43-46d3-9053-5fd673a68c2a	2026-04-06	6c4efa13-53d2-47fb-a8b2-f1c504c31156	2026-04-05 06:16:37.02332	4	envoye	\N
7c226a38-26b8-4a83-a86c-9c7e424b6f47	5df0dd59-c2f6-4075-8d43-c82892209c90	2026-04-06	6c4efa13-53d2-47fb-a8b2-f1c504c31156	2026-04-05 06:16:39.493318	5	envoye	\N
5d2ba206-6046-4578-aa24-2be5fdda9bcb	e2f8c134-2778-45ed-803d-ab40d7db761b	2026-04-06	6c4efa13-53d2-47fb-a8b2-f1c504c31156	2026-04-05 06:16:41.464905	1	envoye	\N
9fa84ed1-efd4-49d2-b23b-5e5e8f9ee902	f8aa0514-4755-40d8-95b7-41eb5df66a2d	2026-04-06	6c4efa13-53d2-47fb-a8b2-f1c504c31156	2026-04-05 06:16:44.190524	1	envoye	\N
ea960536-3c81-4646-b796-59aa81b2afb1	2fb8af64-bf43-46d3-9053-5fd673a68c2a	2026-04-06	6c4efa13-53d2-47fb-a8b2-f1c504c31156	2026-04-05 06:25:03.811681	4	envoye	\N
83c8ebba-5472-4472-9146-bad998d5a07e	5df0dd59-c2f6-4075-8d43-c82892209c90	2026-04-06	6c4efa13-53d2-47fb-a8b2-f1c504c31156	2026-04-05 06:25:06.305422	5	envoye	\N
08e97a94-b53a-4022-9aea-4e8f4eeb5871	e2f8c134-2778-45ed-803d-ab40d7db761b	2026-04-06	6c4efa13-53d2-47fb-a8b2-f1c504c31156	2026-04-05 06:25:07.987337	1	envoye	\N
557bf0e1-87e4-4ee0-8b7d-13821f99c013	f8aa0514-4755-40d8-95b7-41eb5df66a2d	2026-04-06	6c4efa13-53d2-47fb-a8b2-f1c504c31156	2026-04-05 06:25:10.536048	1	envoye	\N
27152c77-40bb-48b5-b13d-56723c7b7946	2fb8af64-bf43-46d3-9053-5fd673a68c2a	2026-04-06	6c4efa13-53d2-47fb-a8b2-f1c504c31156	2026-04-05 06:34:03.016752	4	envoye	\N
6b80f380-df14-413a-878b-8380ff4be7a5	5df0dd59-c2f6-4075-8d43-c82892209c90	2026-04-06	6c4efa13-53d2-47fb-a8b2-f1c504c31156	2026-04-05 06:34:05.336635	5	envoye	\N
904f22e2-568c-4a45-b667-ac623ebe2f48	e2f8c134-2778-45ed-803d-ab40d7db761b	2026-04-06	6c4efa13-53d2-47fb-a8b2-f1c504c31156	2026-04-05 06:34:07.156461	1	envoye	\N
279bf3d4-ffcd-4331-b1f8-d1d79e6fc929	f8aa0514-4755-40d8-95b7-41eb5df66a2d	2026-04-06	6c4efa13-53d2-47fb-a8b2-f1c504c31156	2026-04-05 06:34:09.693298	1	envoye	\N
7a2161ce-eaee-4414-9a82-8d6fbefed047	2fb8af64-bf43-46d3-9053-5fd673a68c2a	2026-04-06	6c4efa13-53d2-47fb-a8b2-f1c504c31156	2026-04-05 06:40:18.549394	4	envoye	\N
f022839a-f21e-4d5d-83db-b2e093967109	5df0dd59-c2f6-4075-8d43-c82892209c90	2026-04-06	6c4efa13-53d2-47fb-a8b2-f1c504c31156	2026-04-05 06:40:20.366435	5	envoye	\N
bc4f240e-b4fc-45f7-9ace-07e0a1c5258a	e2f8c134-2778-45ed-803d-ab40d7db761b	2026-04-06	6c4efa13-53d2-47fb-a8b2-f1c504c31156	2026-04-05 06:40:22.636423	1	envoye	\N
f5396e62-d78c-4515-801c-8de8e703d83a	f8aa0514-4755-40d8-95b7-41eb5df66a2d	2026-04-06	6c4efa13-53d2-47fb-a8b2-f1c504c31156	2026-04-05 06:40:25.187961	1	envoye	\N
cc5b4c6b-8e5c-4b71-b3d3-ad254c43ebad	2fb8af64-bf43-46d3-9053-5fd673a68c2a	2026-04-06	6c4efa13-53d2-47fb-a8b2-f1c504c31156	2026-04-05 06:42:34.447487	4	envoye	\N
dce39677-157b-463b-a7b1-b0aba9dec77a	5df0dd59-c2f6-4075-8d43-c82892209c90	2026-04-06	6c4efa13-53d2-47fb-a8b2-f1c504c31156	2026-04-05 06:42:36.284962	5	envoye	\N
cd34c1e8-0668-4631-9821-3edc0f018adb	e2f8c134-2778-45ed-803d-ab40d7db761b	2026-04-06	6c4efa13-53d2-47fb-a8b2-f1c504c31156	2026-04-05 06:42:38.533972	1	envoye	\N
5ce706be-7416-4198-aa08-90edc2bac370	f8aa0514-4755-40d8-95b7-41eb5df66a2d	2026-04-06	6c4efa13-53d2-47fb-a8b2-f1c504c31156	2026-04-05 06:42:40.428687	1	envoye	\N
f08525e3-7b76-4ddd-bd2c-395d5c442fa5	2fb8af64-bf43-46d3-9053-5fd673a68c2a	2026-04-06	6c4efa13-53d2-47fb-a8b2-f1c504c31156	2026-04-05 06:43:21.633953	4	envoye	\N
103ab3e3-2e5d-4bdc-9331-78f248f0ae00	5df0dd59-c2f6-4075-8d43-c82892209c90	2026-04-06	6c4efa13-53d2-47fb-a8b2-f1c504c31156	2026-04-05 06:43:23.453568	5	envoye	\N
0fa8de17-9ca0-459f-abb4-2e624acf6e7c	e2f8c134-2778-45ed-803d-ab40d7db761b	2026-04-06	6c4efa13-53d2-47fb-a8b2-f1c504c31156	2026-04-05 06:43:25.323676	1	envoye	\N
ca12d687-08c1-4fbc-9f63-c7b9f4b8f559	f8aa0514-4755-40d8-95b7-41eb5df66a2d	2026-04-06	6c4efa13-53d2-47fb-a8b2-f1c504c31156	2026-04-05 06:43:26.976521	1	envoye	\N
74832037-bc5c-4c60-94d4-d8d19bd66372	2fb8af64-bf43-46d3-9053-5fd673a68c2a	2026-04-06	6c4efa13-53d2-47fb-a8b2-f1c504c31156	2026-04-05 06:44:51.637394	4	envoye	\N
6f04f4d6-3682-4ede-89fa-5e3b7df731e6	5df0dd59-c2f6-4075-8d43-c82892209c90	2026-04-06	6c4efa13-53d2-47fb-a8b2-f1c504c31156	2026-04-05 06:44:53.660632	5	envoye	\N
ea0d6cb8-8648-4a94-9c5f-61dc40a0f23c	e2f8c134-2778-45ed-803d-ab40d7db761b	2026-04-06	6c4efa13-53d2-47fb-a8b2-f1c504c31156	2026-04-05 06:44:56.20001	1	envoye	\N
3be1aeff-1d03-453c-8c32-3ad2cb546789	f8aa0514-4755-40d8-95b7-41eb5df66a2d	2026-04-06	6c4efa13-53d2-47fb-a8b2-f1c504c31156	2026-04-05 06:44:57.99749	1	envoye	\N
236d1fa6-3001-438f-8326-44beaba66def	2fb8af64-bf43-46d3-9053-5fd673a68c2a	2026-04-06	6c4efa13-53d2-47fb-a8b2-f1c504c31156	2026-04-05 06:46:01.295161	4	envoye	\N
2a9e78fc-d068-49d1-9562-6c431f130448	5df0dd59-c2f6-4075-8d43-c82892209c90	2026-04-06	6c4efa13-53d2-47fb-a8b2-f1c504c31156	2026-04-05 06:46:03.815711	5	envoye	\N
0cbdaea6-2211-4025-a194-7bb18ec2580f	e2f8c134-2778-45ed-803d-ab40d7db761b	2026-04-06	6c4efa13-53d2-47fb-a8b2-f1c504c31156	2026-04-05 06:46:06.391856	1	envoye	\N
43ff366e-dd93-4d1a-a93b-9f49e5826132	f8aa0514-4755-40d8-95b7-41eb5df66a2d	2026-04-06	6c4efa13-53d2-47fb-a8b2-f1c504c31156	2026-04-05 06:46:08.839402	1	envoye	\N
c894239d-30ec-4d43-a11d-3e08c0eb54fa	2fb8af64-bf43-46d3-9053-5fd673a68c2a	2026-04-06	6c4efa13-53d2-47fb-a8b2-f1c504c31156	2026-04-05 06:48:03.332083	4	envoye	\N
d67d47ac-35f8-4228-8a29-64ca10b68464	5df0dd59-c2f6-4075-8d43-c82892209c90	2026-04-06	6c4efa13-53d2-47fb-a8b2-f1c504c31156	2026-04-05 06:48:05.211185	5	envoye	\N
983e3977-909b-49c8-bf22-4f120959d761	88e6f06f-a598-4a10-aa21-b4d0f4e2aa9d	2026-04-06	6c4efa13-53d2-47fb-a8b2-f1c504c31156	2026-04-05 06:48:06.953204	1	envoye	\N
1e89604f-f7e2-4773-9d96-c8e6560242e0	e2f8c134-2778-45ed-803d-ab40d7db761b	2026-04-06	6c4efa13-53d2-47fb-a8b2-f1c504c31156	2026-04-05 06:48:10.506768	1	envoye	\N
ff6370a6-5eb4-4547-94ae-84766ace1b68	2fb8af64-bf43-46d3-9053-5fd673a68c2a	2026-04-06	6c4efa13-53d2-47fb-a8b2-f1c504c31156	2026-04-05 06:50:00.983893	4	envoye	\N
74d61f87-258d-45f1-85f1-2ae600fc6b57	5df0dd59-c2f6-4075-8d43-c82892209c90	2026-04-06	6c4efa13-53d2-47fb-a8b2-f1c504c31156	2026-04-05 06:50:03.625968	5	envoye	\N
410e9c5d-bff0-4573-8e3d-24316463e9af	e2f8c134-2778-45ed-803d-ab40d7db761b	2026-04-06	6c4efa13-53d2-47fb-a8b2-f1c504c31156	2026-04-05 06:50:05.504823	1	envoye	\N
d0d76224-0945-4d90-953a-fa78a75b7cd8	f8aa0514-4755-40d8-95b7-41eb5df66a2d	2026-04-06	6c4efa13-53d2-47fb-a8b2-f1c504c31156	2026-04-05 06:50:08.425138	1	envoye	\N
43331b5b-1010-4ed5-9f27-e835e87a4b6a	2fb8af64-bf43-46d3-9053-5fd673a68c2a	2026-04-06	6c4efa13-53d2-47fb-a8b2-f1c504c31156	2026-04-05 06:56:42.82569	4	envoye	\N
478ac0f1-c9c0-435a-bcb0-6e582c85b9b9	5df0dd59-c2f6-4075-8d43-c82892209c90	2026-04-06	6c4efa13-53d2-47fb-a8b2-f1c504c31156	2026-04-05 06:56:44.644693	5	envoye	\N
42ee078f-bfae-4e1c-96ce-8edf0218488a	e2f8c134-2778-45ed-803d-ab40d7db761b	2026-04-06	6c4efa13-53d2-47fb-a8b2-f1c504c31156	2026-04-05 06:56:46.495076	1	envoye	\N
a6b1a453-7e82-4c6d-8d2e-7d33730b1218	f8aa0514-4755-40d8-95b7-41eb5df66a2d	2026-04-06	6c4efa13-53d2-47fb-a8b2-f1c504c31156	2026-04-05 06:56:48.548144	1	envoye	\N
bbedf69f-7030-43c3-a021-7327f1d16d00	2fb8af64-bf43-46d3-9053-5fd673a68c2a	2026-04-06	6c4efa13-53d2-47fb-a8b2-f1c504c31156	2026-04-05 06:58:38.475618	4	envoye	\N
10ac16e8-09c2-4ef8-a17a-effb77ff4b11	5df0dd59-c2f6-4075-8d43-c82892209c90	2026-04-06	6c4efa13-53d2-47fb-a8b2-f1c504c31156	2026-04-05 06:58:41.020068	5	envoye	\N
cc613ab6-19c4-4e70-9b67-a8de92858566	88e6f06f-a598-4a10-aa21-b4d0f4e2aa9d	2026-04-06	6c4efa13-53d2-47fb-a8b2-f1c504c31156	2026-04-05 06:58:44.644259	1	envoye	\N
8d336891-981c-419b-be63-feafeffac335	e2f8c134-2778-45ed-803d-ab40d7db761b	2026-04-06	6c4efa13-53d2-47fb-a8b2-f1c504c31156	2026-04-05 06:58:46.483023	1	envoye	\N
6fc45579-4d9c-45ad-b21a-09a07b58ad12	2fb8af64-bf43-46d3-9053-5fd673a68c2a	2026-04-06	6c4efa13-53d2-47fb-a8b2-f1c504c31156	2026-04-05 06:59:51.12024	4	envoye	\N
e57e23a8-c80d-45b0-a23e-968991507744	5df0dd59-c2f6-4075-8d43-c82892209c90	2026-04-06	6c4efa13-53d2-47fb-a8b2-f1c504c31156	2026-04-05 06:59:53.592938	5	envoye	\N
d062c2aa-1c78-4d36-b28a-062810924ccf	e2f8c134-2778-45ed-803d-ab40d7db761b	2026-04-06	6c4efa13-53d2-47fb-a8b2-f1c504c31156	2026-04-05 06:59:55.885962	1	envoye	\N
a3a656a8-6ed7-4617-a325-c15682439abb	f8aa0514-4755-40d8-95b7-41eb5df66a2d	2026-04-06	6c4efa13-53d2-47fb-a8b2-f1c504c31156	2026-04-05 06:59:58.345633	1	envoye	\N
bf96b9e4-bd7b-45fd-9467-e3a5473ac73a	2fb8af64-bf43-46d3-9053-5fd673a68c2a	2026-04-06	6c4efa13-53d2-47fb-a8b2-f1c504c31156	2026-04-05 07:00:51.911672	4	envoye	\N
25b2742b-fade-4d66-a4d4-dd7257809b1b	5df0dd59-c2f6-4075-8d43-c82892209c90	2026-04-06	6c4efa13-53d2-47fb-a8b2-f1c504c31156	2026-04-05 07:00:53.616672	5	envoye	\N
289745d3-134b-407c-9071-b2dcb4e765f3	e2f8c134-2778-45ed-803d-ab40d7db761b	2026-04-06	6c4efa13-53d2-47fb-a8b2-f1c504c31156	2026-04-05 07:00:55.849385	1	envoye	\N
c8274601-50e6-49aa-95e4-418954e74ca8	f8aa0514-4755-40d8-95b7-41eb5df66a2d	2026-04-06	6c4efa13-53d2-47fb-a8b2-f1c504c31156	2026-04-05 07:00:58.390455	1	envoye	\N
0be2a400-fdb3-4cd2-822e-ff05f56da6a9	2fb8af64-bf43-46d3-9053-5fd673a68c2a	2026-04-06	6c4efa13-53d2-47fb-a8b2-f1c504c31156	2026-04-05 07:02:28.350892	4	envoye	\N
e7365406-1681-495d-8218-41653548e8b6	5df0dd59-c2f6-4075-8d43-c82892209c90	2026-04-06	6c4efa13-53d2-47fb-a8b2-f1c504c31156	2026-04-05 07:02:30.370712	5	envoye	\N
443409ff-b2e4-49b5-905a-ecb8ba35151a	e2f8c134-2778-45ed-803d-ab40d7db761b	2026-04-06	6c4efa13-53d2-47fb-a8b2-f1c504c31156	2026-04-05 07:02:32.057088	1	envoye	\N
032dc603-3053-459f-8a17-18d1e7ba3778	f8aa0514-4755-40d8-95b7-41eb5df66a2d	2026-04-06	6c4efa13-53d2-47fb-a8b2-f1c504c31156	2026-04-05 07:02:33.883854	1	envoye	\N
742ccbcf-ea3b-4a44-a854-d53124588f13	2fb8af64-bf43-46d3-9053-5fd673a68c2a	2026-04-06	6c4efa13-53d2-47fb-a8b2-f1c504c31156	2026-04-05 07:05:14.44817	4	envoye	\N
05eec448-2c6c-403d-9a8e-b538c81ee71e	5df0dd59-c2f6-4075-8d43-c82892209c90	2026-04-06	6c4efa13-53d2-47fb-a8b2-f1c504c31156	2026-04-05 07:05:16.838531	5	envoye	\N
3ab2c777-279a-4540-afe9-45b8c2a0972b	e2f8c134-2778-45ed-803d-ab40d7db761b	2026-04-06	6c4efa13-53d2-47fb-a8b2-f1c504c31156	2026-04-05 07:05:18.63838	1	envoye	\N
f0539728-6bed-49ba-a922-86b99ad5d43b	f8aa0514-4755-40d8-95b7-41eb5df66a2d	2026-04-06	6c4efa13-53d2-47fb-a8b2-f1c504c31156	2026-04-05 07:05:20.482663	1	envoye	\N
3dfe42cb-fd36-46fd-8787-9c862a9b5155	2fb8af64-bf43-46d3-9053-5fd673a68c2a	2026-04-06	6c4efa13-53d2-47fb-a8b2-f1c504c31156	2026-04-05 07:06:40.42792	4	envoye	\N
823e4282-baf4-43c0-a860-ba29d9884110	5df0dd59-c2f6-4075-8d43-c82892209c90	2026-04-06	6c4efa13-53d2-47fb-a8b2-f1c504c31156	2026-04-05 07:06:42.321575	5	envoye	\N
7575ca90-7bdd-4288-b6e0-fd209b471d0d	e2f8c134-2778-45ed-803d-ab40d7db761b	2026-04-06	6c4efa13-53d2-47fb-a8b2-f1c504c31156	2026-04-05 07:06:44.786162	1	envoye	\N
0aaca2da-f667-4ede-86d9-f84a3e5bacc6	f8aa0514-4755-40d8-95b7-41eb5df66a2d	2026-04-06	6c4efa13-53d2-47fb-a8b2-f1c504c31156	2026-04-05 07:06:46.46529	1	envoye	\N
94112000-b88c-45d0-b614-520e11f71546	2fb8af64-bf43-46d3-9053-5fd673a68c2a	2026-04-06	6c4efa13-53d2-47fb-a8b2-f1c504c31156	2026-04-05 07:09:06.007523	4	envoye	\N
d2378083-d97b-4271-93f5-911c38e58ed6	5df0dd59-c2f6-4075-8d43-c82892209c90	2026-04-06	6c4efa13-53d2-47fb-a8b2-f1c504c31156	2026-04-05 07:09:09.362684	5	envoye	\N
a1ba9bc9-db3e-48e6-947c-98b907d2145d	e2f8c134-2778-45ed-803d-ab40d7db761b	2026-04-06	6c4efa13-53d2-47fb-a8b2-f1c504c31156	2026-04-05 07:09:11.874475	1	envoye	\N
e47c3011-63c9-42f0-ab53-ae6d9f79e064	f8aa0514-4755-40d8-95b7-41eb5df66a2d	2026-04-06	6c4efa13-53d2-47fb-a8b2-f1c504c31156	2026-04-05 07:09:15.344161	1	envoye	\N
ef8af2ea-fc52-4261-9d82-a26861b0c052	2fb8af64-bf43-46d3-9053-5fd673a68c2a	2026-04-06	6c4efa13-53d2-47fb-a8b2-f1c504c31156	2026-04-05 07:09:43.446797	4	envoye	\N
fbe4ca07-c328-4128-ba72-aab08cdabb63	5df0dd59-c2f6-4075-8d43-c82892209c90	2026-04-06	6c4efa13-53d2-47fb-a8b2-f1c504c31156	2026-04-05 07:09:45.380073	5	envoye	\N
a1be7793-e701-4fff-bfa7-58b10bfe92ac	e2f8c134-2778-45ed-803d-ab40d7db761b	2026-04-06	6c4efa13-53d2-47fb-a8b2-f1c504c31156	2026-04-05 07:09:46.985996	1	envoye	\N
ea56f60b-1026-4db6-ae94-97b101ad3ad6	f8aa0514-4755-40d8-95b7-41eb5df66a2d	2026-04-06	6c4efa13-53d2-47fb-a8b2-f1c504c31156	2026-04-05 07:09:49.558091	1	envoye	\N
4b5aff32-6916-48a6-8b5c-3840b96e9aec	2fb8af64-bf43-46d3-9053-5fd673a68c2a	2026-04-06	6c4efa13-53d2-47fb-a8b2-f1c504c31156	2026-04-05 07:12:34.468166	4	envoye	\N
22a95c7c-fc4c-4599-b3a0-5fe1d4c07787	5df0dd59-c2f6-4075-8d43-c82892209c90	2026-04-06	6c4efa13-53d2-47fb-a8b2-f1c504c31156	2026-04-05 07:12:36.286073	5	envoye	\N
22072f71-b57d-4ab7-b205-73523a7abc76	e2f8c134-2778-45ed-803d-ab40d7db761b	2026-04-06	6c4efa13-53d2-47fb-a8b2-f1c504c31156	2026-04-05 07:12:37.944089	1	envoye	\N
68785018-e8b3-441d-8f57-a374588e876b	f8aa0514-4755-40d8-95b7-41eb5df66a2d	2026-04-06	6c4efa13-53d2-47fb-a8b2-f1c504c31156	2026-04-05 07:12:40.487223	1	envoye	\N
30261b96-9d72-4b02-bbed-b18894a940c3	2fb8af64-bf43-46d3-9053-5fd673a68c2a	2026-04-06	6c4efa13-53d2-47fb-a8b2-f1c504c31156	2026-04-05 07:16:27.061685	4	envoye	\N
264602db-0521-4e56-a55a-3ed78e3c7f3e	5df0dd59-c2f6-4075-8d43-c82892209c90	2026-04-06	6c4efa13-53d2-47fb-a8b2-f1c504c31156	2026-04-05 07:16:30.689712	5	envoye	\N
6b700dab-7814-49da-9ada-1398fab0b0db	e2f8c134-2778-45ed-803d-ab40d7db761b	2026-04-06	6c4efa13-53d2-47fb-a8b2-f1c504c31156	2026-04-05 07:16:34.13331	1	envoye	\N
55f1c1b8-8ac6-4f00-bad3-967d0dc5f1a9	f8aa0514-4755-40d8-95b7-41eb5df66a2d	2026-04-06	6c4efa13-53d2-47fb-a8b2-f1c504c31156	2026-04-05 07:16:36.132708	1	envoye	\N
0060e70b-90b3-451a-935a-394d344255ad	2fb8af64-bf43-46d3-9053-5fd673a68c2a	2026-04-06	6c4efa13-53d2-47fb-a8b2-f1c504c31156	2026-04-05 07:17:18.077769	4	envoye	\N
7a5f895e-8854-4403-9b41-eb107154df04	5df0dd59-c2f6-4075-8d43-c82892209c90	2026-04-06	6c4efa13-53d2-47fb-a8b2-f1c504c31156	2026-04-05 07:17:20.660742	5	envoye	\N
a6dd08ab-7d5c-4bb1-ae04-4612460554d9	e2f8c134-2778-45ed-803d-ab40d7db761b	2026-04-06	6c4efa13-53d2-47fb-a8b2-f1c504c31156	2026-04-05 07:17:24.084817	1	envoye	\N
33ee7048-15e0-491e-b1a2-039dbb362431	f8aa0514-4755-40d8-95b7-41eb5df66a2d	2026-04-06	6c4efa13-53d2-47fb-a8b2-f1c504c31156	2026-04-05 07:17:25.897435	1	envoye	\N
8f9acbdd-d610-4366-9e46-5bec7e51058f	2fb8af64-bf43-46d3-9053-5fd673a68c2a	2026-04-06	6c4efa13-53d2-47fb-a8b2-f1c504c31156	2026-04-05 07:21:36.477026	4	envoye	\N
d1be1cdf-cbc1-4344-9b76-1654bc59e791	5df0dd59-c2f6-4075-8d43-c82892209c90	2026-04-06	6c4efa13-53d2-47fb-a8b2-f1c504c31156	2026-04-05 07:21:38.240904	5	envoye	\N
e259c040-918c-4dbe-a1cb-7483a49f1f4a	e2f8c134-2778-45ed-803d-ab40d7db761b	2026-04-06	6c4efa13-53d2-47fb-a8b2-f1c504c31156	2026-04-05 07:21:40.89284	1	envoye	\N
ffd3d6ea-cd47-4b43-89e0-d39dea2cdbd6	f8aa0514-4755-40d8-95b7-41eb5df66a2d	2026-04-06	6c4efa13-53d2-47fb-a8b2-f1c504c31156	2026-04-05 07:21:43.982192	1	envoye	\N
487dac1e-1de9-4596-99a8-4da79165eea6	2fb8af64-bf43-46d3-9053-5fd673a68c2a	2026-04-06	6c4efa13-53d2-47fb-a8b2-f1c504c31156	2026-04-05 07:25:31.720359	4	envoye	\N
67838ac2-9dce-42d7-a13f-75b632e890dc	5df0dd59-c2f6-4075-8d43-c82892209c90	2026-04-06	6c4efa13-53d2-47fb-a8b2-f1c504c31156	2026-04-05 07:25:34.087278	5	envoye	\N
ee89d446-b213-4deb-9628-618178b5c7b8	88e6f06f-a598-4a10-aa21-b4d0f4e2aa9d	2026-04-06	6c4efa13-53d2-47fb-a8b2-f1c504c31156	2026-04-05 07:25:36.08038	1	envoye	\N
272af980-05dc-440a-8510-9c5b99b85226	e2f8c134-2778-45ed-803d-ab40d7db761b	2026-04-06	6c4efa13-53d2-47fb-a8b2-f1c504c31156	2026-04-05 07:25:37.726276	1	envoye	\N
4a74c6aa-8145-47e8-a508-921bb59eaa13	2fb8af64-bf43-46d3-9053-5fd673a68c2a	2026-04-06	6c4efa13-53d2-47fb-a8b2-f1c504c31156	2026-04-05 07:34:31.823583	2	envoye	\N
11b4bf57-c65c-488d-8ccb-0d11ea1d31e4	5df0dd59-c2f6-4075-8d43-c82892209c90	2026-04-06	6c4efa13-53d2-47fb-a8b2-f1c504c31156	2026-04-05 07:34:33.63791	1	envoye	\N
36230f47-44f1-4a9d-82de-c989957e4025	88e6f06f-a598-4a10-aa21-b4d0f4e2aa9d	2026-04-06	6c4efa13-53d2-47fb-a8b2-f1c504c31156	2026-04-05 07:34:37.177133	2	envoye	\N
c3f744a8-0bf2-4356-b2ff-afb068c7381e	ac57e90e-f690-4506-9246-12b2896daf12	2026-04-06	6c4efa13-53d2-47fb-a8b2-f1c504c31156	2026-04-05 07:34:38.94441	1	envoye	\N
5abab98f-5e04-4c68-8a55-1bca12292015	e2f8c134-2778-45ed-803d-ab40d7db761b	2026-04-06	6c4efa13-53d2-47fb-a8b2-f1c504c31156	2026-04-05 07:34:42.443134	2	envoye	\N
b99eb9b2-1f33-4581-819d-e2a3c22e3e6a	f8aa0514-4755-40d8-95b7-41eb5df66a2d	2026-04-06	6c4efa13-53d2-47fb-a8b2-f1c504c31156	2026-04-05 07:34:44.879967	3	envoye	\N
596ef77e-dc7a-471a-b835-41bc408ea6ae	2fb8af64-bf43-46d3-9053-5fd673a68c2a	2026-04-06	6c4efa13-53d2-47fb-a8b2-f1c504c31156	2026-04-05 08:06:57.305674	4	envoye	\N
886c8229-38f4-4e6c-8a28-047684bf9461	5df0dd59-c2f6-4075-8d43-c82892209c90	2026-04-06	6c4efa13-53d2-47fb-a8b2-f1c504c31156	2026-04-05 08:06:59.863603	5	envoye	\N
bcae47df-f15e-49e6-80a1-8502300b293f	e2f8c134-2778-45ed-803d-ab40d7db761b	2026-04-06	6c4efa13-53d2-47fb-a8b2-f1c504c31156	2026-04-05 08:07:01.526805	1	envoye	\N
7e410aeb-e02a-49a6-81fe-9c7d58d9d3b6	f8aa0514-4755-40d8-95b7-41eb5df66a2d	2026-04-06	6c4efa13-53d2-47fb-a8b2-f1c504c31156	2026-04-05 08:07:04.044034	1	envoye	\N
5faee28b-6cd3-4ef2-bff8-b7890487f727	2fb8af64-bf43-46d3-9053-5fd673a68c2a	2026-04-08	6c4efa13-53d2-47fb-a8b2-f1c504c31156	2026-04-10 14:13:39.913986	2	envoye	\N
23a1bbb3-b423-4626-94d2-589a34a41003	88e6f06f-a598-4a10-aa21-b4d0f4e2aa9d	2026-04-08	6c4efa13-53d2-47fb-a8b2-f1c504c31156	2026-04-10 14:13:42.016804	1	envoye	\N
37cdbe02-593a-4918-9b22-04ce86065cfe	ac57e90e-f690-4506-9246-12b2896daf12	2026-04-08	6c4efa13-53d2-47fb-a8b2-f1c504c31156	2026-04-10 14:13:43.807246	1	envoye	\N
3dd6b2c5-4003-453a-8e0b-53c75605bd69	f8aa0514-4755-40d8-95b7-41eb5df66a2d	2026-04-08	6c4efa13-53d2-47fb-a8b2-f1c504c31156	2026-04-10 14:13:46.150956	1	envoye	\N
7b46c7a1-e048-4e5f-895b-540f18eacf84	fd4bc826-7b37-476f-be0f-a00dc64fc4ae	2026-04-08	6c4efa13-53d2-47fb-a8b2-f1c504c31156	2026-04-10 14:13:48.76102	2	envoye	\N
\.


--
-- Data for Name: trajets; Type: TABLE DATA; Schema: public; Owner: dispatch_user
--

COPY public.trajets (id, code_trajet, date_trajet, heure_prise, heure_arrivee, type_vehicule, adresse_prise, lat_prise, lng_prise, adresse_arrivee, lat_arrivee, lng_arrivee, code_fixe, statut, notes, cree_le, modifie_le) FROM stdin;
35612668-179a-49a5-9dba-abefc3686c83	TVT0014	2026-04-08	07:00:00	07:55:00	TAXI	980 Rue Sagard Montreal H2C 2X1	\N	\N	Hopital Maisonneuve-Rosemont, Montreal H1T 2M4	\N	\N	\N	en_attente	\N	2026-03-28 14:28:57.566654	2026-03-28 14:28:57.566654
525d46ac-a9f1-45ba-9ad1-ccbc67cd8670	TVT0017	2026-04-08	10:00:00	10:45:00	TAXI	5515 Saint-Jacques Montreal H4A	\N	\N	CHUM, 1000 Rue Saint-Denis, Montreal H2X 0C1	\N	\N	\N	en_attente	\N	2026-03-28 14:28:57.582439	2026-03-28 14:28:57.582439
b0b8cfcf-0481-4d19-8396-683a8b6feeb9	TVT0018	2026-04-08	11:15:00	12:10:00	TAXI	227 du Golf RUE Mont-Saint-Hilaire J3H 5Z8	\N	\N	Hopital Maisonneuve-Rosemont, Montreal H1T 2M4	\N	\N	\N	en_attente	\N	2026-03-28 14:28:57.586606	2026-03-28 14:28:57.586606
50b4afce-e00e-4e1c-9a9a-965ec241fb88	TVT0020	2026-04-08	13:00:00	14:05:00	BERLINE	2100 Boulevard Lapiniere Brossard J4W 2T5	\N	\N	Hopital du Sacre-Coeur, Montreal H4J 1C5	\N	\N	\N	en_attente	\N	2026-03-28 14:28:57.596455	2026-03-28 14:28:57.596455
aa562392-ba43-4a8e-aa6e-a3cde2e862e4	TVT0022	2026-04-08	15:00:00	15:50:00	TAXI	1730 Eiffel RUE Boucherville J4B 7W1	\N	\N	CHUM, 1000 Rue Saint-Denis, Montreal H2X 0C1	\N	\N	\N	en_attente	\N	2026-03-28 14:28:57.608275	2026-03-28 14:28:57.608275
9fe07167-b1a4-41f9-90cc-53dff4ead4c5	TVT0024	2026-04-08	19:00:00	19:55:00	TAXI	1000 Saint-Denis RUE Montreal H2X 0C1	\N	\N	Clinique Rive-Sud, Brossard J4Y 2X2	\N	\N	\N	en_attente	\N	2026-03-28 14:28:57.620889	2026-03-28 14:28:57.620889
62df5aa9-32bf-4204-85d6-e99c5b61e406	TVT0025	2026-04-08	21:30:00	22:15:00	BERLINE	1730 Eiffel RUE Boucherville J4B 7W1	\N	\N	Hopital Charles-Le Moyne, Greenfield Park J4V 2H1	\N	\N	\N	en_attente	Acces fauteuil roulant	2026-03-28 14:28:57.625901	2026-03-28 14:28:57.625901
aec35e52-30ce-4096-99a9-aebdde8bcc20	TVT0001	2026-04-07	07:15:00	08:12:00	TAXI	1800 Henri-Blaquiere RUE Chambly J3L 3E9	\N	\N	Hopital Charles-Le Moyne, Greenfield Park J4V 2H1	\N	\N	\N	en_attente	\N	2026-03-28 14:28:57.224772	2026-03-28 14:28:57.224772
e44b8acd-773f-4807-a771-61a5900d9d8c	TVT0023	2026-04-09	16:30:00	17:25:00	TAXI	980 Rue Sagard Montreal H2C 2X1	\N	\N	\N	\N	\N	\N	en_attente	\N	2026-04-08 19:17:03.259262	2026-04-08 19:17:03.259262
6ce59cad-4769-41ba-8dcb-c4e9e4bb731a	TVT0011	2026-04-09	17:30:00	18:20:00	TAXI	1730 Eiffel RUE Boucherville J4B 7W1	\N	\N	\N	\N	\N	\N	en_attente	\N	2026-04-08 19:17:03.259262	2026-04-08 19:17:03.259262
00e9c789-34c9-458e-80ef-763a26b85ce6	TVT0015	2026-04-07	08:00:00	09:10:00	BERLINE	3355 Autoroute Laval H7T 0H4	\N	\N	Hopital du Sacre-Coeur, Montreal H4J 1C5	\N	\N	\N	en_attente	Acces fauteuil roulant	2026-03-28 14:28:57.57242	2026-03-28 14:28:57.57242
62ea64fc-4cf6-498d-8335-7c408d00f63e	TVT0002	2026-04-07	08:30:00	09:15:00	TAXI	1000 Saint-Denis RUE Montreal H2X 0C1	\N	\N	CHUM, 1000 Rue Saint-Denis, Montreal H2X 0C1	\N	\N	\N	en_attente	\N	2026-03-28 14:28:57.465054	2026-03-28 14:28:57.465054
5947135f-7838-4406-862c-f0fd958a8e01	TVT0003	2026-04-07	09:00:00	10:05:00	BERLINE	730 Abbe-Theoret AV Sainte-Julie J3E 0E1	\N	\N	Hopital Maisonneuve-Rosemont, Montreal H1T 2M4	\N	\N	\N	en_attente	Acces fauteuil roulant	2026-03-28 14:28:57.508266	2026-03-28 14:28:57.508266
421dc1d0-a9f6-4468-b22e-c48e422ddd0e	TVT0016	2026-04-07	09:30:00	10:25:00	TAXI	730 Abbe-Theoret AV Sainte-Julie J3E 0E1	\N	\N	Hopital Charles-Le Moyne, Greenfield Park J4V 2H1	\N	\N	\N	en_attente	\N	2026-03-28 14:28:57.577423	2026-03-28 14:28:57.577423
bac8a5c8-1751-4297-9b6e-4dfda8e8d3a3	TVT0004	2026-04-07	10:30:00	11:20:00	TAXI	1800 Henri-Blaquiere RUE Chambly J3L 3E9	\N	\N	Hopital du Sacre-Coeur, Montreal H4J 1C5	\N	\N	\N	en_attente	\N	2026-03-28 14:28:57.513583	2026-03-28 14:28:57.513583
3aeff0a5-5387-4502-9c10-d57214e54552	TVT0005	2026-04-07	11:00:00	11:55:00	TAXI	1730 Eiffel RUE Boucherville J4B 7W1	\N	\N	Clinique Rive-Sud, Brossard J4Y 2X2	\N	\N	\N	en_attente	\N	2026-03-28 14:28:57.51917	2026-03-28 14:28:57.51917
e678fbb9-8e0f-4577-8d1d-2f46a76766c7	TVT0019	2026-04-07	12:30:00	13:20:00	TAXI	625 Lechasseur RUE Beloeil J3G 3N1	\N	\N	Clinique Rive-Sud, Brossard J4Y 2X2	\N	\N	\N	en_attente	\N	2026-03-28 14:28:57.59169	2026-03-28 14:28:57.59169
14777f0c-d9fc-43ab-81f6-f8c3e39d1148	TVT0021	2026-04-07	14:30:00	15:15:00	TAXI	1800 Henri-Blaquiere RUE Chambly J3L 3E9	\N	\N	Hopital Charles-Le Moyne, Greenfield Park J4V 2H1	\N	\N	\N	en_attente	\N	2026-03-28 14:28:57.600984	2026-03-28 14:28:57.600984
8b210efc-19d4-45ce-bf4a-3c112469b1df	TVT0023	2026-04-07	16:30:00	17:25:00	TAXI	227 du Golf RUE Mont-Saint-Hilaire J3H 5Z8	\N	\N	Hopital Maisonneuve-Rosemont, Montreal H1T 2M4	\N	\N	\N	en_attente	\N	2026-03-28 14:28:57.615312	2026-03-28 14:28:57.615312
c6ec89a0-a7ba-491a-96d5-c1b99646ec1a	TVT0011	2026-04-07	17:30:00	18:20:00	TAXI	980 Rue Sagard Montreal H2C 2X1	\N	\N	Hopital du Sacre-Coeur, Montreal H4J 1C5	\N	\N	\N	en_attente	\N	2026-03-28 14:28:57.549774	2026-03-28 14:28:57.549774
9767766d-9721-4a07-b359-a1d31f6debcb	TVT0001	2029-04-09	07:15:00	08:12:00	TAXI	1800 Henri-Blaquiere RUE Chambly J3L 3E9	\N	\N	\N	\N	\N	\N	en_attente	\N	2026-04-08 19:16:10.242592	2026-04-08 19:16:10.242592
089330a2-abd1-4b44-b2a7-5705af1a8260	TVT0015	2029-04-09	08:00:00	09:10:00	BERLINE	3355 Autoroute Laval H7T 0H4	\N	\N	\N	\N	\N	\N	en_attente	\N	2026-04-08 19:16:10.242592	2026-04-08 19:16:10.242592
d8e9ad2a-2b84-4c3f-acc9-80475567b7d3	TVT0002	2029-04-09	08:30:00	09:15:00	TAXI	1000 Saint-Denis RUE Montreal H2X 0C1	\N	\N	\N	\N	\N	\N	en_attente	\N	2026-04-08 19:16:10.242592	2026-04-08 19:16:10.242592
9fd41066-3211-4530-884f-4a70f24ebb92	TVT0003	2029-04-09	09:00:00	10:05:00	BERLINE	730 Abbe-Theoret AV Sainte-Julie J3E 0E1	\N	\N	\N	\N	\N	\N	en_attente	\N	2026-04-08 19:16:10.242592	2026-04-08 19:16:10.242592
5aa6ed09-6736-449a-b5f3-9f4ca499d5d8	TVT0016	2029-04-09	09:30:00	10:25:00	TAXI	730 Abbe-Theoret AV Sainte-Julie J3E 0E1	\N	\N	\N	\N	\N	\N	en_attente	\N	2026-04-08 19:16:10.242592	2026-04-08 19:16:10.242592
821e18f7-1a32-483e-87ea-e9598ed6bcd8	TVT0004	2029-04-09	10:30:00	11:20:00	TAXI	1800 Henri-Blaquiere RUE Chambly J3L 3E9	\N	\N	\N	\N	\N	\N	en_attente	\N	2026-04-08 19:16:10.242592	2026-04-08 19:16:10.242592
f5b36562-694d-423d-9179-d2b069868478	TVT0005	2029-04-09	11:00:00	11:55:00	TAXI	1730 Eiffel RUE Boucherville J4B 7W1	\N	\N	\N	\N	\N	\N	en_attente	\N	2026-04-08 19:16:10.242592	2026-04-08 19:16:10.242592
77a035ec-5ee2-4441-a771-48d600cf7f87	TVT0019	2029-04-09	12:30:00	13:20:00	TAXI	227 du Golf RUE Mont-Saint-Hilaire J3H 5Z8	\N	\N	\N	\N	\N	\N	en_attente	\N	2026-04-08 19:16:10.242592	2026-04-08 19:16:10.242592
09763184-5bee-4dd6-abfd-0a3cedf925da	TVT0021	2029-04-09	14:30:00	15:15:00	TAXI	5515 Saint-Jacques Montreal H4A	\N	\N	\N	\N	\N	\N	en_attente	\N	2026-04-08 19:16:10.242592	2026-04-08 19:16:10.242592
c1d197f6-3222-4f97-a883-a3b7db254f1e	TVT0023	2029-04-09	16:30:00	17:25:00	TAXI	980 Rue Sagard Montreal H2C 2X1	\N	\N	\N	\N	\N	\N	en_attente	\N	2026-04-08 19:16:10.242592	2026-04-08 19:16:10.242592
bdf29ea6-5dac-4783-b18c-fab6ceb28323	TVT0011	2029-04-09	17:30:00	18:20:00	TAXI	1730 Eiffel RUE Boucherville J4B 7W1	\N	\N	\N	\N	\N	\N	en_attente	\N	2026-04-08 19:16:10.242592	2026-04-08 19:16:10.242592
ef05d360-68a6-4dbf-bc56-5cdcb7c1273d	TVT0001	2026-04-10	07:15:00	08:12:00	TAXI	1800 Henri-Blaquiere RUE Chambly J3L 3E9	\N	\N	\N	\N	\N	\N	en_attente	\N	2026-04-08 19:16:23.026133	2026-04-08 19:16:23.026133
86267887-81e0-4704-bc1c-ac77dd36fff2	TVT0015	2026-04-10	08:00:00	09:10:00	BERLINE	3355 Autoroute Laval H7T 0H4	\N	\N	\N	\N	\N	\N	en_attente	\N	2026-04-08 19:16:23.026133	2026-04-08 19:16:23.026133
2006d26a-db8d-47e6-bd50-668dc55fdf66	TVT0002	2026-04-10	08:30:00	09:15:00	TAXI	1000 Saint-Denis RUE Montreal H2X 0C1	\N	\N	\N	\N	\N	\N	en_attente	\N	2026-04-08 19:16:23.026133	2026-04-08 19:16:23.026133
24ecb5c8-b34c-499a-8c0a-33a0519c1287	TVT0003	2026-04-10	09:00:00	10:05:00	BERLINE	730 Abbe-Theoret AV Sainte-Julie J3E 0E1	\N	\N	\N	\N	\N	\N	en_attente	\N	2026-04-08 19:16:23.026133	2026-04-08 19:16:23.026133
19f75324-b8fd-46a3-b0f8-560b0f3c14ba	TVT0016	2026-04-10	09:30:00	10:25:00	TAXI	730 Abbe-Theoret AV Sainte-Julie J3E 0E1	\N	\N	\N	\N	\N	\N	en_attente	\N	2026-04-08 19:16:23.026133	2026-04-08 19:16:23.026133
79d88494-13c7-4970-a29c-db25347c55f1	TVT0004	2026-04-10	10:30:00	11:20:00	TAXI	1800 Henri-Blaquiere RUE Chambly J3L 3E9	\N	\N	\N	\N	\N	\N	en_attente	\N	2026-04-08 19:16:23.026133	2026-04-08 19:16:23.026133
31982d64-6ec3-4fb2-b8d3-9a2a22af1177	TVT0005	2026-04-10	11:00:00	11:55:00	TAXI	1730 Eiffel RUE Boucherville J4B 7W1	\N	\N	\N	\N	\N	\N	en_attente	\N	2026-04-08 19:16:23.026133	2026-04-08 19:16:23.026133
de8157ee-d5a6-4d91-84d5-48346ed3ac1b	TVT0019	2026-04-10	12:30:00	13:20:00	TAXI	227 du Golf RUE Mont-Saint-Hilaire J3H 5Z8	\N	\N	\N	\N	\N	\N	en_attente	\N	2026-04-08 19:16:23.026133	2026-04-08 19:16:23.026133
9233b0d8-7a6c-42f1-bb39-ac3cbc315d01	TVT0021	2026-04-10	14:30:00	15:15:00	TAXI	5515 Saint-Jacques Montreal H4A	\N	\N	\N	\N	\N	\N	en_attente	\N	2026-04-08 19:16:23.026133	2026-04-08 19:16:23.026133
a4beab11-525f-4a50-96c8-a158edb3ea5a	TVT0023	2026-04-10	16:30:00	17:25:00	TAXI	980 Rue Sagard Montreal H2C 2X1	\N	\N	\N	\N	\N	\N	en_attente	\N	2026-04-08 19:16:23.026133	2026-04-08 19:16:23.026133
280436bc-017f-4fce-9987-0a3246e9506b	TVT0011	2026-04-10	17:30:00	18:20:00	TAXI	1730 Eiffel RUE Boucherville J4B 7W1	\N	\N	\N	\N	\N	\N	en_attente	\N	2026-04-08 19:16:23.026133	2026-04-08 19:16:23.026133
1aa81695-1fab-465b-8279-50cfcf2acff5	TVT0001	2026-04-11	07:15:00	08:12:00	TAXI	1800 Henri-Blaquiere RUE Chambly J3L 3E9	\N	\N	\N	\N	\N	\N	en_attente	\N	2026-04-08 19:16:33.792439	2026-04-08 19:16:33.792439
87ecd642-71b5-44c8-bc8e-3a051c1e66f1	TVT0015	2026-04-11	08:00:00	09:10:00	BERLINE	3355 Autoroute Laval H7T 0H4	\N	\N	\N	\N	\N	\N	en_attente	\N	2026-04-08 19:16:33.792439	2026-04-08 19:16:33.792439
e1d3aef3-ed6d-4097-b4db-3d903a9d329b	TVT0002	2026-04-11	08:30:00	09:15:00	TAXI	1000 Saint-Denis RUE Montreal H2X 0C1	\N	\N	\N	\N	\N	\N	en_attente	\N	2026-04-08 19:16:33.792439	2026-04-08 19:16:33.792439
72d35a7b-1cd6-45e7-8faa-417871500850	TVT0003	2026-04-11	09:00:00	10:05:00	BERLINE	730 Abbe-Theoret AV Sainte-Julie J3E 0E1	\N	\N	\N	\N	\N	\N	en_attente	\N	2026-04-08 19:16:33.792439	2026-04-08 19:16:33.792439
07abfa0c-b19b-4364-b87f-aa0e0462cc7f	TVT0016	2026-04-11	09:30:00	10:25:00	TAXI	730 Abbe-Theoret AV Sainte-Julie J3E 0E1	\N	\N	\N	\N	\N	\N	en_attente	\N	2026-04-08 19:16:33.792439	2026-04-08 19:16:33.792439
0df9f7be-f700-486c-9830-a91a72ae907c	TVT0004	2026-04-11	10:30:00	11:20:00	TAXI	1800 Henri-Blaquiere RUE Chambly J3L 3E9	\N	\N	\N	\N	\N	\N	en_attente	\N	2026-04-08 19:16:33.792439	2026-04-08 19:16:33.792439
76120d5b-c15e-4f15-9eb9-0e19a1a3d07a	TVT0005	2026-04-11	11:00:00	11:55:00	TAXI	1730 Eiffel RUE Boucherville J4B 7W1	\N	\N	\N	\N	\N	\N	en_attente	\N	2026-04-08 19:16:33.792439	2026-04-08 19:16:33.792439
404ec794-d29a-4e41-836e-af43479c72bc	TVT0019	2026-04-11	12:30:00	13:20:00	TAXI	227 du Golf RUE Mont-Saint-Hilaire J3H 5Z8	\N	\N	\N	\N	\N	\N	en_attente	\N	2026-04-08 19:16:33.792439	2026-04-08 19:16:33.792439
ce9d8d72-2799-4ac5-85ca-e82b45136568	TVT0021	2026-04-11	14:30:00	15:15:00	TAXI	5515 Saint-Jacques Montreal H4A	\N	\N	\N	\N	\N	\N	en_attente	\N	2026-04-08 19:16:33.792439	2026-04-08 19:16:33.792439
0462aa50-dc76-4562-8112-b7fae6766538	TVT0023	2026-04-11	16:30:00	17:25:00	TAXI	980 Rue Sagard Montreal H2C 2X1	\N	\N	\N	\N	\N	\N	en_attente	\N	2026-04-08 19:16:33.792439	2026-04-08 19:16:33.792439
293ddf69-95d2-4455-bae4-ea0e00dff0ac	TVT0011	2026-04-11	17:30:00	18:20:00	TAXI	1730 Eiffel RUE Boucherville J4B 7W1	\N	\N	\N	\N	\N	\N	en_attente	\N	2026-04-08 19:16:33.792439	2026-04-08 19:16:33.792439
a8bf2572-4de2-4b72-8dd8-6d7531d7ecd5	TVT0001	2026-04-09	07:15:00	08:12:00	TAXI	1800 Henri-Blaquiere RUE Chambly J3L 3E9	\N	\N	\N	\N	\N	\N	en_attente	\N	2026-04-08 19:17:03.259262	2026-04-08 19:17:03.259262
99f4e6b5-ca09-4927-9493-514f7c630c73	TVT0015	2026-04-09	08:00:00	09:10:00	BERLINE	3355 Autoroute Laval H7T 0H4	\N	\N	\N	\N	\N	\N	en_attente	\N	2026-04-08 19:17:03.259262	2026-04-08 19:17:03.259262
9a655e24-d4bb-4df6-bda8-9758ac5a1fad	TVT0002	2026-04-09	08:30:00	09:15:00	TAXI	1000 Saint-Denis RUE Montreal H2X 0C1	\N	\N	\N	\N	\N	\N	en_attente	\N	2026-04-08 19:17:03.259262	2026-04-08 19:17:03.259262
139af8bc-6893-49c5-a752-e3c6a6e5525e	TVT0003	2026-04-09	09:00:00	10:05:00	BERLINE	730 Abbe-Theoret AV Sainte-Julie J3E 0E1	\N	\N	\N	\N	\N	\N	en_attente	\N	2026-04-08 19:17:03.259262	2026-04-08 19:17:03.259262
5c664d58-1684-4017-8c60-d94254506acb	TVT0016	2026-04-09	09:30:00	10:25:00	TAXI	730 Abbe-Theoret AV Sainte-Julie J3E 0E1	\N	\N	\N	\N	\N	\N	en_attente	\N	2026-04-08 19:17:03.259262	2026-04-08 19:17:03.259262
74377d3c-a894-4cc8-bb89-5dd980994529	TVT0004	2026-04-09	10:30:00	11:20:00	TAXI	1800 Henri-Blaquiere RUE Chambly J3L 3E9	\N	\N	\N	\N	\N	\N	en_attente	\N	2026-04-08 19:17:03.259262	2026-04-08 19:17:03.259262
7e7d5f01-f55e-4e09-83a1-4bdbd1b28e3e	TVT0005	2026-04-09	11:00:00	11:55:00	TAXI	1730 Eiffel RUE Boucherville J4B 7W1	\N	\N	\N	\N	\N	\N	en_attente	\N	2026-04-08 19:17:03.259262	2026-04-08 19:17:03.259262
92edbd20-c5a8-48af-a5de-3a6f91f5cd56	TVT0019	2026-04-09	12:30:00	13:20:00	TAXI	227 du Golf RUE Mont-Saint-Hilaire J3H 5Z8	\N	\N	\N	\N	\N	\N	en_attente	\N	2026-04-08 19:17:03.259262	2026-04-08 19:17:03.259262
3835fefa-2120-4b96-8296-51b73e2a107f	TVT0021	2026-04-09	14:30:00	15:15:00	TAXI	5515 Saint-Jacques Montreal H4A	\N	\N	\N	\N	\N	\N	en_attente	\N	2026-04-08 19:17:03.259262	2026-04-08 19:17:03.259262
\.


--
-- Name: affectations affectations_pkey; Type: CONSTRAINT; Schema: public; Owner: dispatch_user
--

ALTER TABLE ONLY public.affectations
    ADD CONSTRAINT affectations_pkey PRIMARY KEY (id);


--
-- Name: affectations affectations_trajet_id_date_programme_key; Type: CONSTRAINT; Schema: public; Owner: dispatch_user
--

ALTER TABLE ONLY public.affectations
    ADD CONSTRAINT affectations_trajet_id_date_programme_key UNIQUE (trajet_id, date_programme);


--
-- Name: chauffeurs chauffeurs_numero_chauffeur_key; Type: CONSTRAINT; Schema: public; Owner: dispatch_user
--

ALTER TABLE ONLY public.chauffeurs
    ADD CONSTRAINT chauffeurs_numero_chauffeur_key UNIQUE (numero_chauffeur);


--
-- Name: chauffeurs chauffeurs_pkey; Type: CONSTRAINT; Schema: public; Owner: dispatch_user
--

ALTER TABLE ONLY public.chauffeurs
    ADD CONSTRAINT chauffeurs_pkey PRIMARY KEY (id);


--
-- Name: disponibilites disponibilites_chauffeur_id_date_dispo_heure_debut_key; Type: CONSTRAINT; Schema: public; Owner: dispatch_user
--

ALTER TABLE ONLY public.disponibilites
    ADD CONSTRAINT disponibilites_chauffeur_id_date_dispo_heure_debut_key UNIQUE (chauffeur_id, date_dispo, heure_debut);


--
-- Name: disponibilites disponibilites_pkey; Type: CONSTRAINT; Schema: public; Owner: dispatch_user
--

ALTER TABLE ONLY public.disponibilites
    ADD CONSTRAINT disponibilites_pkey PRIMARY KEY (id);


--
-- Name: envois_email envois_email_pkey; Type: CONSTRAINT; Schema: public; Owner: dispatch_user
--

ALTER TABLE ONLY public.envois_email
    ADD CONSTRAINT envois_email_pkey PRIMARY KEY (id);


--
-- Name: trajets trajets_code_trajet_date_key; Type: CONSTRAINT; Schema: public; Owner: dispatch_user
--

ALTER TABLE ONLY public.trajets
    ADD CONSTRAINT trajets_code_trajet_date_key UNIQUE (code_trajet, date_trajet);


--
-- Name: trajets trajets_pkey; Type: CONSTRAINT; Schema: public; Owner: dispatch_user
--

ALTER TABLE ONLY public.trajets
    ADD CONSTRAINT trajets_pkey PRIMARY KEY (id);


--
-- Name: idx_affectations_chauf; Type: INDEX; Schema: public; Owner: dispatch_user
--

CREATE INDEX idx_affectations_chauf ON public.affectations USING btree (chauffeur_id);


--
-- Name: idx_affectations_date; Type: INDEX; Schema: public; Owner: dispatch_user
--

CREATE INDEX idx_affectations_date ON public.affectations USING btree (date_programme);


--
-- Name: idx_disponibilites_chauf; Type: INDEX; Schema: public; Owner: dispatch_user
--

CREATE INDEX idx_disponibilites_chauf ON public.disponibilites USING btree (chauffeur_id);


--
-- Name: idx_disponibilites_date; Type: INDEX; Schema: public; Owner: dispatch_user
--

CREATE INDEX idx_disponibilites_date ON public.disponibilites USING btree (date_dispo);


--
-- Name: idx_trajets_date; Type: INDEX; Schema: public; Owner: dispatch_user
--

CREATE INDEX idx_trajets_date ON public.trajets USING btree (date_trajet);


--
-- Name: affectations affectations_chauffeur_id_fkey; Type: FK CONSTRAINT; Schema: public; Owner: dispatch_user
--

ALTER TABLE ONLY public.affectations
    ADD CONSTRAINT affectations_chauffeur_id_fkey FOREIGN KEY (chauffeur_id) REFERENCES public.chauffeurs(id) ON DELETE CASCADE;


--
-- Name: affectations affectations_modifiee_par_fkey; Type: FK CONSTRAINT; Schema: public; Owner: dispatch_user
--

ALTER TABLE ONLY public.affectations
    ADD CONSTRAINT affectations_modifiee_par_fkey FOREIGN KEY (modifiee_par) REFERENCES public.chauffeurs(id);


--
-- Name: affectations affectations_trajet_id_fkey; Type: FK CONSTRAINT; Schema: public; Owner: dispatch_user
--

ALTER TABLE ONLY public.affectations
    ADD CONSTRAINT affectations_trajet_id_fkey FOREIGN KEY (trajet_id) REFERENCES public.trajets(id) ON DELETE CASCADE;


--
-- Name: disponibilites disponibilites_chauffeur_id_fkey; Type: FK CONSTRAINT; Schema: public; Owner: dispatch_user
--

ALTER TABLE ONLY public.disponibilites
    ADD CONSTRAINT disponibilites_chauffeur_id_fkey FOREIGN KEY (chauffeur_id) REFERENCES public.chauffeurs(id) ON DELETE CASCADE;


--
-- Name: envois_email envois_email_chauffeur_id_fkey; Type: FK CONSTRAINT; Schema: public; Owner: dispatch_user
--

ALTER TABLE ONLY public.envois_email
    ADD CONSTRAINT envois_email_chauffeur_id_fkey FOREIGN KEY (chauffeur_id) REFERENCES public.chauffeurs(id);


--
-- Name: envois_email envois_email_envoye_par_fkey; Type: FK CONSTRAINT; Schema: public; Owner: dispatch_user
--

ALTER TABLE ONLY public.envois_email
    ADD CONSTRAINT envois_email_envoye_par_fkey FOREIGN KEY (envoye_par) REFERENCES public.chauffeurs(id);


--
-- Name: SCHEMA public; Type: ACL; Schema: -; Owner: pg_database_owner
--

GRANT ALL ON SCHEMA public TO dispatch_user;


--
-- PostgreSQL database dump complete
--

\unrestrict 8cUqsxBWODTyT3NZ7qVCgui6375Nt4QMYokgw367oXeD9VTaKVghv4dtuUhpGT4

